Player,Team,Nation,Pos,Age,MP,Starts,Min,90s,Gls,Ast,G-PK,PK,PKatt,CrdY,CrdR,Gls,Ast,G+A,G-PK,G+A-PK,xG,npxG,xA,npxG+xA,xG,xA,xG+xA,npxG,npxG+xA
Bukayo Saka,Arsenal,engENG,"FW,MF",19,38,36,"2,978",33.1,11,7,9,2,2,6,0,0.33,0.21,0.54,0.27,0.48,9.7,8.2,6.9,15.2,0.29,0.21,0.5,0.25,0.46
Gabriel Dos Santos,Arsenal,brBRA,DF,23,35,35,"3,063",34,5,0,5,0,0,8,1,0.15,0,0.15,0.15,0.15,2.7,2.7,0.8,3.5,0.08,0.02,0.1,0.08,0.1
Aaron Ramsdale,Arsenal,engENG,GK,23,34,34,"3,060",34,0,0,0,0,0,1,0,0,0,0,0,0,0,0,0,0,0,0,0,0,0
Ben White,Arsenal,engENG,DF,23,32,32,"2,880",32,0,0,0,0,0,3,0,0,0,0,0,0,1,1,0.6,1.6,0.03,0.02,0.05,0.03,0.05
Martin degaard,Arsenal,noNOR,MF,22,36,32,"2,785",30.9,7,4,7,0,0,4,0,0.23,0.13,0.36,0.23,0.36,4.8,4.8,6.8,11.6,0.16,0.22,0.38,0.16,0.38
Granit Xhaka,Arsenal,chSUI,"MF,DF",28,27,27,"2,327",25.9,1,2,1,0,0,10,1,0.04,0.08,0.12,0.04,0.12,1.2,1.2,2.3,3.5,0.05,0.09,0.14,0.05,0.14
Thomas Partey,Arsenal,ghGHA,MF,28,24,23,"2,028",22.5,2,1,2,0,0,6,0,0.09,0.04,0.13,0.09,0.13,2.5,2.5,1.3,3.8,0.11,0.06,0.17,0.11,0.17
Kieran Tierney,Arsenal,sctSCO,DF,24,22,22,"1,915",21.3,1,3,1,0,0,0,0,0.05,0.14,0.19,0.05,0.19,0.7,0.7,1.9,2.6,0.03,0.09,0.12,0.03,0.12
Emile Smith Rowe,Arsenal,engENG,"MF,FW",21,33,21,"1,921",21.3,10,2,10,0,0,1,0,0.47,0.09,0.56,0.47,0.56,5.8,5.8,2.2,8,0.27,0.1,0.37,0.27,0.37
Martinelli,Arsenal,brBRA,"FW,MF",20,29,21,"1,860",20.7,6,6,5,1,1,3,1,0.29,0.29,0.58,0.24,0.53,7.2,6.5,3.3,9.8,0.35,0.16,0.51,0.31,0.47
Alexandre Lacazette,Arsenal,frFRA,"FW,MF",30,30,20,"1,782",19.8,4,7,2,2,3,0,0,0.2,0.35,0.56,0.1,0.45,7.9,5.6,1.9,7.6,0.4,0.1,0.5,0.28,0.38
Takehiro Tomiyasu,Arsenal,jpJPN,DF,22,21,20,"1,679",18.7,0,1,0,0,0,2,0,0,0.05,0.05,0,0.05,0.8,0.8,0.6,1.4,0.04,0.03,0.08,0.04,0.08
Cdric Soares,Arsenal,ptPOR,DF,29,21,16,"1,486",16.5,1,1,1,0,0,3,0,0.06,0.06,0.12,0.06,0.12,0.5,0.5,1.4,2,0.03,0.09,0.12,0.03,0.12
Nuno Tavares,Arsenal,ptPOR,DF,21,22,13,"1,176",13.1,1,1,1,0,0,2,0,0.08,0.08,0.15,0.08,0.15,1.5,1.5,1,2.5,0.11,0.08,0.19,0.11,0.19
Albert Sambi Lokonga,Arsenal,beBEL,MF,21,19,12,"1,134",12.6,0,0,0,0,0,5,0,0,0,0,0,0,0.6,0.6,0.8,1.4,0.05,0.06,0.11,0.05,0.11
Pierre-Emerick Aubameyang,Arsenal,gaGAB,FW,32,14,12,"1,037",11.5,4,1,4,0,2,3,0,0.35,0.09,0.43,0.35,0.43,5.8,4.1,0.8,5,0.5,0.07,0.57,0.36,0.43
Rob Holding,Arsenal,engENG,DF,25,15,9,845,9.4,1,0,1,0,0,4,1,0.11,0,0.11,0.11,0.11,0.3,0.3,0,0.3,0.03,0,0.03,0.03,0.03
Eddie Nketiah,Arsenal,engENG,FW,22,21,8,835,9.3,5,1,5,0,0,3,0,0.54,0.11,0.65,0.54,0.65,4.6,4.6,1.4,6.1,0.5,0.16,0.65,0.5,0.65
Mohamed Elneny,Arsenal,egEGY,MF,29,14,8,806,9,0,2,0,0,0,1,0,0,0.22,0.22,0,0.22,0.2,0.2,0.6,0.7,0.02,0.06,0.08,0.02,0.08
Nicolas Pp,Arsenal,ciCIV,"FW,MF",26,20,5,696,7.7,1,2,1,0,0,0,0,0.13,0.26,0.39,0.13,0.39,2.9,2.9,1.7,4.6,0.38,0.22,0.6,0.38,0.6
Bernd Leno,Arsenal,deGER,GK,29,4,4,360,4,0,0,0,0,0,0,0,0,0,0,0,0,0,0,0,0,0,0,0,0,0
Ainsley Maitland-Niles,Arsenal,engENG,MF,23,8,2,268,3,0,0,0,0,0,0,0,0,0,0,0,0,0,0,0.3,0.4,0.01,0.12,0.13,0.01,0.13
Pablo Mar,Arsenal,esESP,DF,27,2,2,180,2,0,0,0,0,0,1,0,0,0,0,0,0,0.3,0.3,0.1,0.4,0.15,0.05,0.21,0.15,0.21
Calum Chambers,Arsenal,engENG,DF,26,2,2,170,1.9,0,0,0,0,0,0,0,0,0,0,0,0,0.1,0.1,0.1,0.1,0.05,0.03,0.07,0.05,0.07
Sead Kolainac,Arsenal,baBIH,DF,28,2,1,91,1,0,0,0,0,0,1,0,0,0,0,0,0,0,0,0,0,0,0,0,0,0
Folarin Balogun,Arsenal,engENG,FW,20,2,1,70,0.8,0,0,0,0,0,0,0,0,0,0,0,0,0.3,0.3,0,0.3,0.35,0,0.35,0.35,0.35
Reiss Nelson,Arsenal,engENG,FW,21,1,0,20,0.2,0,0,0,0,0,0,0,0,0,0,0,0,0,0,0,0.1,0.16,0.18,0.35,0.16,0.35
Ryan Alebiousu,Arsenal,engENG,DF,19,0,0,,,,,,,,,,,,,,,,,,,,,,,
Zach Awe,Arsenal,engENG,DF,17,0,0,,,,,,,,,,,,,,,,,,,,,,,
Miguel Azeez,Arsenal,engENG,MF,18,0,0,,,,,,,,,,,,,,,,,,,,,,,
Hctor Bellern,Arsenal,esESP,"DF,MF",26,0,0,,,,,,,,,,,,,,,,,,,,,,,
Mika Biereth,Arsenal,dkDEN,FW,18,0,0,,,,,,,,,,,,,,,,,,,,,,,
Marcelo Flores,Arsenal,mxMEX,MF,17,0,0,,,,,,,,,,,,,,,,,,,,,,,
Omari Hutchinson,Arsenal,engENG,DF,17,0,0,,,,,,,,,,,,,,,,,,,,,,,
Karl Jakob Hein,Arsenal,eeEST,GK,19,0,0,,,,,,,,,,,,,,,,,,,,,,,
Alex Kirk,Arsenal,engENG,DF,18,0,0,,,,,,,,,,,,,,,,,,,,,,,
Mazeed Ogungbo,Arsenal,ieIRL,DF,18,0,0,,,,,,,,,,,,,,,,,,,,,,,
Arthur Okonkwo,Arsenal,engENG,GK,19,0,0,,,,,,,,,,,,,,,,,,,,,,,
Salah Oulad M'Hand,Arsenal,nlNED,MF,17,0,0,,,,,,,,,,,,,,,,,,,,,,,
Charlie Patino,Arsenal,engENG,FW,17,0,0,,,,,,,,,,,,,,,,,,,,,,,
Zak Swanson,Arsenal,engENG,DF,20,0,0,,,,,,,,,,,,,,,,,,,,,,,
Matty Cash,Aston Villa,plPOL,DF,23,38,38,"3,377",37.5,4,3,4,0,0,8,0,0.11,0.08,0.19,0.11,0.19,2.4,2.4,1.9,4.4,0.07,0.05,0.12,0.07,0.12
Emiliano Martnez,Aston Villa,arARG,GK,28,36,36,"3,240",36,0,0,0,0,0,4,0,0,0,0,0,0,0,0,0,0,0,0,0,0,0
Tyrone Mings,Aston Villa,engENG,DF,28,36,35,"3,189",35.4,1,3,1,0,0,11,0,0.03,0.08,0.11,0.03,0.11,1.4,1.4,1.5,2.9,0.04,0.04,0.08,0.04,0.08
John McGinn,Aston Villa,sctSCO,MF,26,35,35,"3,090",34.3,3,4,3,0,0,8,0,0.09,0.12,0.2,0.09,0.2,1.5,1.5,4.9,6.4,0.04,0.14,0.19,0.04,0.19
Ollie Watkins,Aston Villa,engENG,FW,25,35,33,"2,952",32.8,11,2,10,1,1,7,0,0.34,0.06,0.4,0.3,0.37,12.2,11.4,2.9,14.3,0.37,0.09,0.46,0.35,0.44
Douglas Luiz,Aston Villa,brBRA,MF,23,34,31,"2,715",30.2,2,3,2,0,0,7,0,0.07,0.1,0.17,0.07,0.17,2,2,2.5,4.5,0.07,0.08,0.15,0.07,0.15
Ezri Konsa,Aston Villa,engENG,DF,23,29,29,"2,477",27.5,2,0,2,0,0,6,2,0.07,0,0.07,0.07,0.07,1.5,1.5,0.3,1.7,0.05,0.01,0.06,0.05,0.06
Jacob Ramsey,Aston Villa,engENG,MF,20,34,29,"2,467",27.4,6,1,6,0,0,6,0,0.22,0.04,0.26,0.22,0.26,3.8,3.8,2,5.8,0.14,0.07,0.21,0.14,0.21
Emi Buenda,Aston Villa,arARG,"FW,MF",24,35,22,"1,899",21.1,4,6,4,0,0,1,0,0.19,0.28,0.47,0.19,0.47,3.1,3.1,5.5,8.6,0.14,0.26,0.41,0.14,0.41
Danny Ings,Aston Villa,engENG,FW,29,30,22,"1,898",21.1,7,6,6,1,1,4,0,0.33,0.28,0.62,0.28,0.57,7.3,6.6,2,8.6,0.35,0.1,0.44,0.31,0.41
Matt Targett,Aston Villa,engENG,DF,25,17,17,"1,431",15.9,1,1,1,0,0,2,0,0.06,0.06,0.13,0.06,0.13,0.5,0.5,2.2,2.7,0.03,0.14,0.17,0.03,0.17
Philippe Coutinho,Aston Villa,brBRA,"MF,FW",29,19,16,"1,329",14.8,5,3,5,0,0,0,0,0.34,0.2,0.54,0.34,0.54,3.7,3.7,3.2,6.9,0.25,0.22,0.47,0.25,0.47
Lucas Digne,Aston Villa,frFRA,DF,28,16,16,"1,269",14.1,0,4,0,0,0,2,0,0,0.28,0.28,0,0.28,0.6,0.6,2,2.6,0.04,0.14,0.18,0.04,0.18
Ashley Young,Aston Villa,engENG,"DF,FW",36,24,10,"1,250",13.9,0,2,0,0,0,2,0,0,0.14,0.14,0,0.14,0.4,0.4,0.7,1.1,0.03,0.05,0.08,0.03,0.08
Marvelous Nakamba,Aston Villa,zwZIM,MF,27,16,10,904,10,0,0,0,0,0,5,0,0,0,0,0,0,0,0,0.1,0.1,0,0.01,0.01,0,0.01
Calum Chambers,Aston Villa,engENG,DF,26,11,9,831,9.2,1,0,1,0,0,1,0,0.11,0,0.11,0.11,0.11,0.2,0.2,0.1,0.4,0.02,0.01,0.04,0.02,0.04
Leon Bailey,Aston Villa,jmJAM,"FW,MF",23,18,7,761,8.5,1,2,1,0,0,3,0,0.12,0.24,0.35,0.12,0.35,1.6,1.6,0.6,2.2,0.19,0.07,0.26,0.19,0.26
Axel Tuanzebe,Aston Villa,engENG,DF,23,9,6,508,5.6,0,0,0,0,0,1,0,0,0,0,0,0,0.2,0.2,0,0.2,0.03,0,0.03,0.03,0.03
Kortney Hause,Aston Villa,engENG,DF,26,7,4,397,4.4,1,0,1,0,0,0,0,0.23,0,0.23,0.23,0.23,0.1,0.1,0,0.1,0.02,0,0.02,0.02,0.02
Anwar El Ghazi,Aston Villa,nlNED,"FW,MF",26,9,4,386,4.3,1,1,0,1,1,2,0,0.23,0.23,0.47,0,0.23,1.1,0.3,0.4,0.7,0.25,0.09,0.33,0.07,0.16
Morgan Sanson,Aston Villa,frFRA,MF,26,10,3,356,4,0,0,0,0,0,0,0,0,0,0,0,0,0,0,0,0,0,0,0.01,0,0.01
Carney Chukwuemeka,Aston Villa,engENG,"MF,FW",17,12,2,301,3.3,0,1,0,0,0,0,0,0,0.3,0.3,0,0.3,0.6,0.6,1,1.5,0.17,0.29,0.46,0.17,0.46
Bertrand Traor,Aston Villa,bfBFA,"MF,FW",25,9,1,220,2.4,0,0,0,0,0,0,0,0,0,0,0,0,0.3,0.3,0,0.3,0.13,0,0.13,0.13,0.13
Tim Iroegbunam,Aston Villa,engENG,MF,18,3,1,92,1,0,0,0,0,0,1,0,0,0,0,0,0,0.1,0.1,0,0.1,0.13,0,0.13,0.13,0.13
Robin Olsen,Aston Villa,seSWE,GK,31,1,1,90,1,0,0,0,0,0,0,0,0,0,0,0,0,0,0,0,0,0,0,0,0,0
Jed Steer,Aston Villa,engENG,GK,28,1,1,90,1,0,0,0,0,0,0,0,0,0,0,0,0,0,0,0,0,0,0,0,0,0
Cameron Archer,Aston Villa,engENG,"MF,FW",19,3,0,27,0.3,0,0,0,0,0,0,0,0,0,0,0,0,0,0,0,0,0.07,0,0.07,0.07,0.07
Keinan Davis,Aston Villa,engENG,FW,23,1,0,12,0.1,0,0,0,0,0,0,0,0,0,0,0,0,0,0,0,0,0,0,0,0,0
Trzguet,Aston Villa,egEGY,FW,26,1,0,11,0.1,0,0,0,0,0,0,0,0,0,0,0,0,0.1,0.1,0,0.1,0.51,0,0.51,0.51,0.51
Jaden Philogene Bidace,Aston Villa,engENG,FW,19,1,0,5,0.1,0,0,0,0,0,0,0,0,0,0,0,0,0,0,0,0,0,0,0,0,0
Wesley Moraes,Aston Villa,brBRA,FW,24,1,0,1,0,0,0,0,0,0,0,0,0,0,0,0,0,0,0,0,0,0,0,0,0,0
Lamare Bogarde,Aston Villa,nlNED,MF,17,0,0,,,,,,,,,,,,,,,,,,,,,,,
Benjamin Chrisene,Aston Villa,engENG,DF,17,0,0,,,,,,,,,,,,,,,,,,,,,,,
Josh Feeney,Aston Villa,engENG,DF,16,0,0,,,,,,,,,,,,,,,,,,,,,,,
Frederic Guilbert,Aston Villa,frFRA,"DF,MF",26,0,0,,,,,,,,,,,,,,,,,,,,,,,
Conor Hourihane,Aston Villa,ieIRL,MF,30,0,0,,,,,,,,,,,,,,,,,,,,,,,
Kaine Kessler,Aston Villa,engENG,"DF,MF",18,0,0,,,,,,,,,,,,,,,,,,,,,,,
Filip Marshall,Aston Villa,engENG,GK,18,0,0,,,,,,,,,,,,,,,,,,,,,,,
Tommi O'Reilly,Aston Villa,engENG,MF,17,0,0,,,,,,,,,,,,,,,,,,,,,,,
Aaron Ramsey,Aston Villa,engENG,MF,18,0,0,,,,,,,,,,,,,,,,,,,,,,,
Viljami Sinisalo,Aston Villa,fiFIN,GK,19,0,0,,,,,,,,,,,,,,,,,,,,,,,
Pontus Jansson,Brentford,seSWE,DF,30,37,37,"3,321",36.9,3,1,3,0,0,7,0,0.08,0.03,0.11,0.08,0.11,2.9,2.9,0.5,3.4,0.08,0.01,0.09,0.08,0.09
Christian Nrgaard,Brentford,dkDEN,MF,27,35,35,"3,054",33.9,3,4,3,0,0,8,0,0.09,0.12,0.21,0.09,0.21,3.2,3.2,3.1,6.3,0.09,0.09,0.19,0.09,0.19
Bryan Mbeumo,Brentford,frFRA,FW,21,35,34,"2,905",32.3,4,7,3,1,1,4,0,0.12,0.22,0.34,0.09,0.31,9.7,9,3.6,12.5,0.3,0.11,0.41,0.28,0.39
Rico Henry,Brentford,engENG,DF,24,34,33,"2,776",30.8,3,0,3,0,0,2,0,0.1,0,0.1,0.1,0.1,1.8,1.8,1.7,3.5,0.06,0.06,0.11,0.06,0.11
Ivan Toney,Brentford,engENG,FW,25,33,32,"2,909",32.3,12,5,7,5,5,8,0,0.37,0.15,0.53,0.22,0.37,12,8.2,5.8,14,0.37,0.18,0.55,0.25,0.43
Ethan Pinnock,Brentford,jmJAM,DF,28,32,32,"2,694",29.9,1,1,1,0,0,1,0,0.03,0.03,0.07,0.03,0.07,1.5,1.5,1.2,2.8,0.05,0.04,0.09,0.05,0.09
Vitaly Janelt,Brentford,deGER,MF,23,31,27,"2,298",25.5,4,0,4,0,0,3,0,0.16,0,0.16,0.16,0.16,2.6,2.6,2.2,4.8,0.1,0.09,0.19,0.1,0.19
Sergi Cans,Brentford,esESP,DF,24,31,25,"2,083",23.1,3,2,3,0,0,8,1,0.13,0.09,0.22,0.13,0.22,3,3,1.9,4.9,0.13,0.08,0.21,0.13,0.21
David Raya,Brentford,esESP,GK,25,24,24,"2,160",24,0,0,0,0,0,1,0,0,0,0,0,0,0,0,0,0,0,0,0,0,0
Kristoffer Ajer,Brentford,noNOR,DF,23,24,23,"1,995",22.2,1,3,1,0,0,5,0,0.05,0.14,0.18,0.05,0.18,0.8,0.8,1.4,2.2,0.04,0.06,0.1,0.04,0.1
Mathias Jensen,Brentford,dkDEN,MF,25,31,19,"1,601",17.8,0,1,0,0,0,0,0,0,0.06,0.06,0,0.06,2.5,2.5,3.6,6.1,0.14,0.2,0.34,0.14,0.34
Yoane Wissa,Brentford,cdCOD,"FW,MF",24,30,12,"1,284",14.3,7,1,7,0,0,0,0,0.49,0.07,0.56,0.49,0.56,3.7,3.7,0.7,4.4,0.26,0.05,0.31,0.26,0.31
Mads Roerslev,Brentford,dkDEN,DF,22,21,12,"1,240",13.8,1,1,1,0,0,1,0,0.07,0.07,0.15,0.07,0.15,0.3,0.3,0.9,1.2,0.02,0.06,0.08,0.02,0.08
lvaro Fernndez,Brentford,esESP,GK,23,12,12,"1,080",12,0,0,0,0,0,0,0,0,0,0,0,0,0,0,0,0,0,0,0,0,0
Frank Onyeka,Brentford,ngNGA,MF,23,20,12,"1,045",11.6,0,0,0,0,0,4,0,0,0,0,0,0,1.1,1.1,0.2,1.3,0.1,0.02,0.11,0.1,0.11
Christian Eriksen,Brentford,dkDEN,MF,29,11,10,939,10.4,1,4,1,0,0,1,0,0.1,0.38,0.48,0.1,0.48,1.4,1.4,3.6,5,0.14,0.34,0.48,0.14,0.48
Shandon Baptiste,Brentford,gdGRN,MF,23,22,9,910,10.1,1,1,1,0,0,2,1,0.1,0.1,0.2,0.1,0.2,0.7,0.7,0.5,1.2,0.07,0.05,0.12,0.07,0.12
Mads Bech Srensen,Brentford,dkDEN,DF,22,11,9,835,9.3,0,0,0,0,0,3,0,0,0,0,0,0,0.1,0.1,0.4,0.5,0.01,0.04,0.05,0.01,0.05
Mathias Jrgensen,Brentford,dkDEN,DF,31,8,6,518,5.8,1,0,1,0,0,2,0,0.17,0,0.17,0.17,0.17,0.1,0.1,0.1,0.2,0.02,0.02,0.03,0.02,0.03
Saman Ghoddos,Brentford,irIRN,"DF,MF",27,17,4,536,6,1,1,1,0,0,2,0,0.17,0.17,0.34,0.17,0.34,0.6,0.6,1.2,1.9,0.11,0.21,0.32,0.11,0.32
Charlie Goode,Brentford,engENG,DF,25,6,4,450,5,0,0,0,0,0,3,0,0,0,0,0,0,0.1,0.1,0.3,0.5,0.03,0.07,0.1,0.03,0.1
Josh Dasilva,Brentford,engENG,"MF,FW",22,9,2,257,2.9,0,0,0,0,0,0,1,0,0,0,0,0,0,0,0.1,0.2,0.02,0.04,0.05,0.02,0.05
Jonas Lssl,Brentford,dkDEN,GK,32,2,2,180,2,0,0,0,0,0,0,0,0,0,0,0,0,0,0,0,0,0,0,0,0,0
Dominic Thompson,Brentford,engENG,DF,21,2,2,146,1.6,0,0,0,0,0,0,0,0,0,0,0,0,0,0,0,0,0.01,0,0.01,0.01,0.01
Marcus Forss,Brentford,fiFIN,"FW,MF",22,7,1,209,2.3,0,1,0,0,0,0,0,0,0.43,0.43,0,0.43,0.2,0.2,0,0.2,0.1,0,0.1,0.1,0.1
Mads Bidstrup,Brentford,dkDEN,MF,20,4,0,41,0.5,0,0,0,0,0,0,0,0,0,0,0,0,0,0,0,0,0,0,0,0,0
Tariqe Fosu,Brentford,ghGHA,DF,25,1,0,17,0.2,0,0,0,0,0,0,0,0,0,0,0,0,0,0,0,0,0.16,0,0.16,0.16,0.16
Finley Stevens,Brentford,wlsWAL,DF,18,1,0,15,0.2,0,0,0,0,0,0,0,0,0,0,0,0,0,0,0,0,0,0.25,0.25,0,0.25
Nathan Young-Coombes,Brentford,engENG,FW,18,1,0,4,0,0,0,0,0,0,0,0,0,0,0,0,0,0,0,0,0,0,0,0,0,0
Matthew Cox,Brentford,engENG,GK,18,0,0,,,,,,,,,,,,,,,,,,,,,,,
Halil Dervi?o?lu,Brentford,trTUR,FW,21,0,0,,,,,,,,,,,,,,,,,,,,,,,
Patrik Gunnarsson,Brentford,isISL,GK,20,0,0,,,,,,,,,,,,,,,,,,,,,,,
Maxwell Haygarth,Brentford,engENG,MF,19,0,0,,,,,,,,,,,,,,,,,,,,,,,
Julian Jeanvier,Brentford,gnGUI,DF,29,0,0,,,,,,,,,,,,,,,,,,,,,,,
Edmond-Paris Maghoma,Brentford,engENG,MF,20,0,0,,,,,,,,,,,,,,,,,,,,,,,
Myles Peart-Harris,Brentford,engENG,MF,18,0,0,,,,,,,,,,,,,,,,,,,,,,,
Robert Snchez,Brighton & Hove Albion,esESP,GK,23,37,37,"3,329",37,0,0,0,0,0,3,1,0,0,0,0,0,0,0,0.4,0.4,0,0.01,0.01,0,0.01
Marc Cucurella,Brighton & Hove Albion,esESP,DF,23,35,35,"3,089",34.3,1,1,1,0,0,6,0,0.03,0.03,0.06,0.03,0.06,0.7,0.7,2.7,3.4,0.02,0.08,0.1,0.02,0.1
Jol Veltman,Brighton & Hove Albion,nlNED,DF,29,34,33,"2,874",31.9,1,1,1,0,0,6,0,0.03,0.03,0.06,0.03,0.06,0.9,0.9,1.1,2,0.03,0.03,0.06,0.03,0.06
Leandro Trossard,Brighton & Hove Albion,beBEL,"FW,MF",26,34,32,"2,805",31.2,8,3,7,1,1,2,0,0.26,0.1,0.35,0.22,0.32,6.8,6,4.1,10.1,0.22,0.13,0.35,0.19,0.32
Lewis Dunk,Brighton & Hove Albion,engENG,DF,29,29,29,"2,573",28.6,1,0,1,0,0,3,1,0.03,0,0.03,0.03,0.03,1.2,1.2,0.2,1.4,0.04,0.01,0.05,0.04,0.05
Neal Maupay,Brighton & Hove Albion,frFRA,FW,24,32,25,"2,276",25.3,8,2,7,1,2,7,0,0.32,0.08,0.4,0.28,0.36,7.7,6.2,2.2,8.4,0.3,0.09,0.39,0.24,0.33
Yves Bissouma,Brighton & Hove Albion,mlMLI,MF,24,26,25,"2,111",23.5,1,2,1,0,0,10,0,0.04,0.09,0.13,0.04,0.13,0.9,0.9,0.8,1.7,0.04,0.03,0.07,0.04,0.07
Pascal Gro,Brighton & Hove Albion,deGER,"MF,DF",30,29,24,"2,038",22.6,2,4,2,0,1,1,0,0.09,0.18,0.26,0.09,0.26,2.9,2.2,5.3,7.5,0.13,0.24,0.36,0.1,0.33
Alexis Mac Allister,Brighton & Hove Albion,arARG,"MF,FW",22,33,22,"2,123",23.6,5,2,3,2,3,4,0,0.21,0.08,0.3,0.13,0.21,6.5,4.2,1.5,5.7,0.28,0.06,0.34,0.18,0.24
Jakub Moder,Brighton & Hove Albion,plPOL,"MF,FW",22,28,19,"1,701",18.9,0,3,0,0,0,1,0,0,0.16,0.16,0,0.16,2.4,2.4,1.7,4.1,0.13,0.09,0.22,0.13,0.22
Adam Lallana,Brighton & Hove Albion,engENG,MF,33,24,18,"1,561",17.3,0,1,0,0,0,4,0,0,0.06,0.06,0,0.06,1.2,1.2,0.7,1.9,0.07,0.04,0.11,0.07,0.11
Solly March,Brighton & Hove Albion,engENG,"DF,FW",27,31,17,"1,746",19.4,0,2,0,0,0,1,0,0,0.1,0.1,0,0.1,1.5,1.5,2.7,4.3,0.08,0.14,0.22,0.08,0.22
Tariq Lamptey,Brighton & Hove Albion,engENG,"DF,FW",20,30,16,"1,561",17.3,0,2,0,0,0,4,0,0,0.12,0.12,0,0.12,0.8,0.8,2.2,3,0.05,0.13,0.17,0.05,0.17
Adam Webster,Brighton & Hove Albion,engENG,DF,26,22,16,"1,434",15.9,2,0,2,0,0,5,0,0.13,0,0.13,0.13,0.13,1.1,1.1,0.1,1.2,0.07,0,0.08,0.07,0.08
Danny Welbeck,Brighton & Hove Albion,engENG,FW,30,25,15,"1,478",16.4,6,2,6,0,0,0,0,0.37,0.12,0.49,0.37,0.49,6.1,6.1,1,7.1,0.37,0.06,0.44,0.37,0.44
Shane Duffy,Brighton & Hove Albion,ieIRL,DF,29,18,15,"1,436",16,1,0,1,0,0,7,0,0.06,0,0.06,0.06,0.06,1.3,1.3,0.1,1.5,0.08,0.01,0.09,0.08,0.09
Dan Burn,Brighton & Hove Albion,engENG,DF,29,13,12,"1,022",11.4,1,0,1,0,0,4,0,0.09,0,0.09,0.09,0.09,1.3,1.3,0,1.3,0.11,0,0.12,0.11,0.12
Enock Mwepu,Brighton & Hove Albion,zmZAM,"MF,FW",23,18,12,996,11.1,2,4,2,0,0,2,0,0.18,0.36,0.54,0.18,0.54,1.9,1.9,1.4,3.2,0.17,0.12,0.29,0.17,0.29
Moiss Caicedo,Brighton & Hove Albion,ecECU,MF,19,8,8,660,7.3,1,1,1,0,0,2,0,0.14,0.14,0.27,0.14,0.27,0.8,0.8,0.4,1.1,0.1,0.05,0.16,0.1,0.16
Steven Alzate,Brighton & Hove Albion,coCOL,MF,22,9,5,404,4.5,0,0,0,0,0,0,0,0,0,0,0,0,0.1,0.1,0.2,0.3,0.02,0.04,0.06,0.02,0.06
Aaron Connolly,Brighton & Hove Albion,ieIRL,FW,21,4,1,156,1.7,0,0,0,0,0,0,0,0,0,0,0,0,0.5,0.5,0.4,0.8,0.26,0.2,0.47,0.26,0.47
Jason Steele,Brighton & Hove Albion,engENG,GK,30,1,1,90,1,0,0,0,0,0,0,0,0,0,0,0,0,0,0,0,0,0,0,0,0,0
Jeremy Sarmiento,Brighton & Hove Albion,ecECU,"FW,MF",19,5,1,48,0.5,0,0,0,0,0,0,0,0,0,0,0,0,0,0,0,0,0,0,0,0,0
Taylor Richards,Brighton & Hove Albion,engENG,"MF,FW",20,2,0,25,0.3,0,0,0,0,0,0,0,0,0,0,0,0,0,0,0,0,0.14,0,0.14,0.14,0.14
Evan Ferguson,Brighton & Hove Albion,ieIRL,MF,16,1,0,23,0.3,0,0,0,0,0,0,0,0,0,0,0,0,0,0,0,0,0,0,0,0,0
Jrgen Locadia,Brighton & Hove Albion,nlNED,FW,27,1,0,23,0.3,0,0,0,0,0,0,0,0,0,0,0,0,0.1,0.1,0,0.1,0.45,0,0.45,0.45,0.45
Florin Andone,Brighton & Hove Albion,roROU,FW,28,0,0,,,,,,,,,,,,,,,,,,,,,,,
Micha? Karbownik,Brighton & Hove Albion,plPOL,DF,20,0,0,,,,,,,,,,,,,,,,,,,,,,,
Marc Leonard,Brighton & Hove Albion,sctSCO,MF,19,0,0,,,,,,,,,,,,,,,,,,,,,,,
Thomas Mcgill,Brighton & Hove Albion,engENG,GK,21,0,0,,,,,,,,,,,,,,,,,,,,,,,
Odeluga Offiah,Brighton & Hove Albion,engENG,DF,18,0,0,,,,,,,,,,,,,,,,,,,,,,,
Haydon Roberts,Brighton & Hove Albion,engENG,DF,19,0,0,,,,,,,,,,,,,,,,,,,,,,,
Kjell Scherpen,Brighton & Hove Albion,nlNED,GK,21,0,0,,,,,,,,,,,,,,,,,,,,,,,
Ed Turns,Brighton & Hove Albion,wlsWAL,DF,18,0,0,,,,,,,,,,,,,,,,,,,,,,,
Andi Zeqiri,Brighton & Hove Albion,chSUI,FW,22,0,0,,,,,,,,,,,,,,,,,,,,,,,
Nick Pope,Burnley,engENG,GK,29,36,36,"3,240",36,0,0,0,0,0,1,0,0,0,0,0,0,0,0,0.2,0.2,0,0.01,0.01,0,0.01
Dwight McNeil,Burnley,engENG,MF,21,38,35,"3,107",34.5,0,1,0,0,0,1,0,0,0.03,0.03,0,0.03,2.3,2.3,4.8,7.1,0.07,0.14,0.21,0.07,0.21
James Tarkowski,Burnley,engENG,DF,28,35,35,"3,106",34.5,1,2,1,0,0,11,0,0.03,0.06,0.09,0.03,0.09,2,2,0.6,2.6,0.06,0.02,0.08,0.06,0.08
Josh Brownhill,Burnley,engENG,MF,25,35,32,"2,955",32.8,2,3,2,0,0,10,0,0.06,0.09,0.15,0.06,0.15,1.4,1.4,2.5,3.9,0.04,0.08,0.12,0.04,0.12
Charlie Taylor,Burnley,engENG,DF,27,31,30,"2,731",30.3,0,3,0,0,0,3,0,0,0.1,0.1,0,0.1,0.2,0.2,3.5,3.7,0.01,0.11,0.12,0.01,0.12
Ashley Westwood,Burnley,engENG,MF,31,27,26,"2,287",25.4,0,3,0,0,0,7,0,0,0.12,0.12,0,0.12,0.8,0.8,3.6,4.3,0.03,0.14,0.17,0.03,0.17
Ben Mee,Burnley,engENG,DF,31,21,21,"1,839",20.4,3,0,3,0,0,3,0,0.15,0,0.15,0.15,0.15,1.8,1.8,0.1,1.9,0.09,0,0.09,0.09,0.09
Maxwel Cornet,Burnley,ciCIV,"FW,MF",24,26,21,"1,766",19.6,9,1,9,0,1,2,0,0.46,0.05,0.51,0.46,0.51,6.7,5.9,1.5,7.4,0.34,0.07,0.42,0.3,0.38
Matthew Lowton,Burnley,engENG,DF,32,25,20,"1,772",19.7,1,2,1,0,0,3,1,0.05,0.1,0.15,0.05,0.15,0.6,0.6,1.3,1.9,0.03,0.07,0.1,0.03,0.1
Jack Cork,Burnley,engENG,MF,32,20,20,"1,670",18.6,1,0,1,0,0,4,0,0.05,0,0.05,0.05,0.05,0.8,0.8,0.1,0.9,0.04,0.01,0.05,0.04,0.05
Connor Roberts,Burnley,wlsWAL,DF,25,21,19,"1,692",18.8,1,1,1,0,0,2,0,0.05,0.05,0.11,0.05,0.11,0.2,0.2,1.1,1.3,0.01,0.06,0.07,0.01,0.07
Nathan Collins,Burnley,ieIRL,DF,20,19,18,"1,670",18.6,2,0,2,0,0,2,1,0.11,0,0.11,0.11,0.11,1.6,1.6,0.9,2.5,0.08,0.05,0.14,0.08,0.14
Aaron Lennon,Burnley,engENG,MF,34,28,17,"1,551",17.2,2,0,2,0,0,2,0,0.12,0,0.12,0.12,0.12,1.1,1.1,0.5,1.6,0.06,0.03,0.09,0.06,0.09
Wout Weghorst,Burnley,nlNED,FW,28,20,17,"1,450",16.1,2,3,2,0,0,3,0,0.12,0.19,0.31,0.12,0.31,4.2,4.2,1.4,5.7,0.26,0.09,0.35,0.26,0.35
Chris Wood,Burnley,nzNZL,FW,29,17,17,"1,367",15.2,3,0,3,0,0,1,0,0.2,0,0.2,0.2,0.2,4.5,4.5,0.2,4.7,0.3,0.02,0.31,0.3,0.31
Jay Rodriguez,Burnley,engENG,FW,32,29,13,"1,382",15.4,2,2,2,0,0,3,0,0.13,0.13,0.26,0.13,0.26,4.7,4.7,1.9,6.6,0.3,0.12,0.43,0.3,0.43
Jhann Berg Gumundsson,Burnley,isISL,MF,30,18,13,"1,102",12.2,0,1,0,0,0,2,0,0,0.08,0.08,0,0.08,1.7,1.7,0.3,2,0.14,0.03,0.16,0.14,0.16
Ashley Barnes,Burnley,engENG,FW,31,23,8,808,9,1,0,0,1,1,4,0,0.11,0,0.11,0,0,1.8,1,1.6,2.6,0.2,0.18,0.38,0.11,0.29
Erik Pieters,Burnley,nlNED,DF,32,12,8,730,8.1,0,1,0,0,0,1,0,0,0.12,0.12,0,0.12,0.2,0.2,0.8,1,0.02,0.1,0.13,0.02,0.13
Mat?j Vydra,Burnley,czCZE,FW,29,22,5,679,7.5,2,3,2,0,0,1,0,0.27,0.4,0.66,0.27,0.66,3,3,0.6,3.6,0.4,0.08,0.48,0.4,0.48
Kevin Long,Burnley,ieIRL,DF,30,6,4,410,4.6,0,0,0,0,0,1,0,0,0,0,0,0,0.2,0.2,0,0.2,0.03,0,0.03,0.03,0.03
Wayne Hennessey,Burnley,wlsWAL,GK,34,2,2,180,2,0,0,0,0,0,0,0,0,0,0,0,0,0,0,0.1,0.1,0,0.06,0.06,0,0.06
Dale Stephens,Burnley,engENG,MF,32,3,1,124,1.4,0,0,0,0,0,1,0,0,0,0,0,0,0,0,0,0.1,0.02,0.03,0.06,0.02,0.06
Phil Bardsley,Burnley,sctSCO,DF,36,0,0,,,,,,,,,,,,,,,,,,,,,,,
Dara Costelloe,Burnley,ieIRL,DF,18,0,0,,,,,,,,,,,,,,,,,,,,,,,
Owen Dodgson,Burnley,engENG,DF,18,0,0,,,,,,,,,,,,,,,,,,,,,,,
Anthony Gomez Mancini,Burnley,frFRA,MF,20,0,0,,,,,,,,,,,,,,,,,,,,,,,
Joseph McGlynn,Burnley,engENG,MF,18,0,0,,,,,,,,,,,,,,,,,,,,,,,
Will Norris,Burnley,engENG,GK,27,0,0,,,,,,,,,,,,,,,,,,,,,,,
Lewis Richardson,Burnley,engENG,FW,18,0,0,,,,,,,,,,,,,,,,,,,,,,,
Bobby Thomas,Burnley,engENG,DF,,0,0,,,,,,,,,,,,,,,,,,,,,,,
Sam Waller,Burnley,engENG,GK,17,0,0,,,,,,,,,,,,,,,,,,,,,,,
Edouard Mendy,Chelsea,snSEN,GK,29,34,34,"3,060",34,0,0,0,0,0,3,0,0,0,0,0,0,0,0,0,0,0,0,0,0,0
Antonio Rdiger,Chelsea,deGER,DF,28,34,34,"3,035",33.7,3,0,3,0,0,9,0,0.09,0,0.09,0.09,0.09,2.8,2.8,1.1,3.9,0.08,0.03,0.12,0.08,0.12
Thiago Silva,Chelsea,brBRA,DF,36,32,28,"2,650",29.4,3,0,3,0,0,2,0,0.1,0,0.1,0.1,0.1,0.9,0.9,0.2,1.1,0.03,0.01,0.04,0.03,0.04
Mason Mount,Chelsea,engENG,"MF,FW",22,32,27,"2,363",26.3,11,10,10,1,1,4,0,0.42,0.38,0.8,0.38,0.76,8.9,8.1,6.7,14.8,0.34,0.25,0.59,0.31,0.56
Jorginho,Chelsea,itITA,MF,29,29,26,"2,273",25.3,6,2,0,6,7,5,0,0.24,0.08,0.32,0,0.08,5.7,0.4,2.8,3.2,0.23,0.11,0.34,0.02,0.13
Marcos Alonso,Chelsea,esESP,DF,30,28,25,"2,167",24.1,4,4,4,0,0,8,0,0.17,0.17,0.33,0.17,0.33,3.3,3.3,4.6,7.9,0.14,0.19,0.33,0.14,0.33
Csar Azpilicueta,Chelsea,esESP,DF,31,27,24,"2,070",23,1,2,1,0,0,3,0,0.04,0.09,0.13,0.04,0.13,1.2,1.2,2.1,3.3,0.05,0.09,0.14,0.05,0.14
Reece James,Chelsea,engENG,DF,21,26,22,"1,864",20.7,5,9,5,0,0,4,1,0.24,0.43,0.68,0.24,0.68,2.6,2.6,5.7,8.3,0.12,0.28,0.4,0.12,0.4
Kai Havertz,Chelsea,deGER,"FW,MF",22,29,22,"1,809",20.1,8,3,8,0,0,3,0,0.4,0.15,0.55,0.4,0.55,9.7,9.7,2,11.6,0.48,0.1,0.58,0.48,0.58
N'Golo Kant,Chelsea,frFRA,MF,30,26,21,"1,773",19.7,2,4,2,0,0,2,0,0.1,0.2,0.3,0.1,0.3,1.8,1.8,2.3,4.2,0.09,0.12,0.21,0.09,0.21
Andreas Christensen,Chelsea,dkDEN,DF,25,19,17,"1,496",16.6,0,0,0,0,0,2,0,0,0,0,0,0,0.4,0.4,0.2,0.7,0.03,0.01,0.04,0.03,0.04
Trevoh Chalobah,Chelsea,engENG,DF,22,20,17,"1,449",16.1,3,1,3,0,0,2,0,0.19,0.06,0.25,0.19,0.25,1,1,0.2,1.2,0.06,0.01,0.08,0.06,0.08
Romelu Lukaku,Chelsea,beBEL,FW,28,26,16,"1,589",17.7,8,0,7,1,1,1,0,0.45,0,0.45,0.4,0.4,6.8,6.1,3,9,0.39,0.17,0.55,0.34,0.51
Mateo Kova?i?,Chelsea,hrCRO,MF,27,25,16,"1,558",17.3,2,5,2,0,0,4,0,0.12,0.29,0.4,0.12,0.4,1.8,1.8,3.6,5.5,0.11,0.21,0.32,0.11,0.32
Timo Werner,Chelsea,deGER,"FW,MF",25,21,15,"1,283",14.3,4,1,4,0,0,1,0,0.28,0.07,0.35,0.28,0.35,7.6,7.6,0.4,8,0.53,0.03,0.56,0.53,0.56
Hakim Ziyech,Chelsea,maMAR,"FW,MF",28,23,14,"1,319",14.7,4,3,4,0,0,3,0,0.27,0.2,0.48,0.27,0.48,3.4,3.4,3.5,6.9,0.23,0.24,0.47,0.23,0.47
Ruben Loftus-Cheek,Chelsea,engENG,"MF,DF",25,24,13,"1,394",15.5,0,2,0,0,0,1,0,0,0.13,0.13,0,0.13,1.2,1.2,1.9,3.1,0.08,0.12,0.2,0.08,0.2
Christian Pulisic,Chelsea,usUSA,"MF,FW",22,22,13,"1,290",14.3,6,2,6,0,0,2,0,0.42,0.14,0.56,0.42,0.56,5.1,5.1,1.2,6.3,0.35,0.08,0.44,0.35,0.44
Callum Hudson-Odoi,Chelsea,engENG,"FW,MF",20,15,11,962,10.7,1,2,1,0,0,1,0,0.09,0.19,0.28,0.09,0.28,2.1,2.1,2.3,4.4,0.2,0.21,0.41,0.2,0.41
Malang Sarr,Chelsea,frFRA,DF,22,8,6,546,6.1,0,0,0,0,0,2,0,0,0,0,0,0,0,0,0.4,0.4,0.01,0.06,0.07,0.01,0.07
Ben Chilwell,Chelsea,engENG,DF,24,7,6,542,6,3,1,3,0,0,0,0,0.5,0.17,0.66,0.5,0.66,1.2,1.2,0.9,2.1,0.19,0.15,0.34,0.19,0.34
Sal guez,Chelsea,esESP,"MF,DF",26,10,5,480,5.3,0,0,0,0,0,1,0,0,0,0,0,0,0.2,0.2,0.3,0.5,0.04,0.06,0.1,0.04,0.1
Kepa Arrizabalaga,Chelsea,esESP,GK,26,4,4,360,4,0,0,0,0,0,0,0,0,0,0,0,0,0,0,0,0,0,0,0,0,0
Ross Barkley,Chelsea,engENG,MF,27,6,1,179,2,1,0,1,0,0,0,0,0.5,0,0.5,0.5,0.5,1.2,1.2,0.7,1.9,0.6,0.33,0.94,0.6,0.94
Kenedy,Chelsea,brBRA,DF,25,1,1,58,0.6,0,1,0,0,0,0,0,0,1.55,1.55,0,1.55,0.1,0.1,0.9,1,0.13,1.35,1.48,0.13,1.48
Emerson Palmieri,Chelsea,itITA,DF,26,1,0,5,0.1,0,0,0,0,0,0,0,0,0,0,0,0,0,0,0,0,0,0,0,0,0
Tammy Abraham,Chelsea,engENG,FW,23,0,0,,,,,,,,,,,,,,,,,,,,,,,
Marcus Bettinelli,Chelsea,engENG,GK,29,0,0,,,,,,,,,,,,,,,,,,,,,,,
Lewis Hall,Chelsea,engENG,MF,16,0,0,,,,,,,,,,,,,,,,,,,,,,,
Harvey Vale,Chelsea,engENG,MF,17,0,0,,,,,,,,,,,,,,,,,,,,,,,
Kurt Zouma,Chelsea,frFRA,DF,26,0,0,,,,,,,,,,,,,,,,,,,,,,,
Marc Guhi,Crystal Palace,engENG,DF,21,36,36,"3,222",35.8,2,1,2,0,0,4,0,0.06,0.03,0.08,0.06,0.08,1.9,1.9,0.5,2.4,0.05,0.01,0.07,0.05,0.07
Tyrick Mitchell,Crystal Palace,engENG,DF,21,36,35,"3,101",34.5,0,2,0,0,0,1,0,0,0.06,0.06,0,0.06,0.3,0.3,1.3,1.6,0.01,0.04,0.05,0.01,0.05
Conor Gallagher,Crystal Palace,engENG,MF,21,34,33,"2,845",31.6,8,3,8,0,0,10,0,0.25,0.09,0.35,0.25,0.35,5.8,5.8,3.5,9.3,0.18,0.11,0.29,0.18,0.29
Joachim Andersen,Crystal Palace,dkDEN,DF,25,34,32,"2,916",32.4,0,3,0,0,0,4,0,0,0.09,0.09,0,0.09,0.6,0.6,2,2.6,0.02,0.06,0.08,0.02,0.08
Wilfried Zaha,Crystal Palace,ciCIV,FW,28,33,31,"2,760",30.7,14,1,9,5,7,6,1,0.46,0.03,0.49,0.29,0.33,9.4,4,4.8,8.8,0.31,0.16,0.46,0.13,0.29
Vicente Guaita,Crystal Palace,esESP,GK,34,30,30,"2,655",29.5,0,0,0,0,0,2,0,0,0,0,0,0,0,0,0,0,0,0,0,0,0
Joel Ward,Crystal Palace,engENG,DF,31,28,27,"2,487",27.6,0,0,0,0,0,8,0,0,0,0,0,0,0.4,0.4,0.6,1,0.01,0.02,0.03,0.01,0.03
Jordan Ayew,Crystal Palace,ghGHA,FW,29,31,23,"2,019",22.4,3,3,3,0,0,2,0,0.13,0.13,0.27,0.13,0.27,3.7,3.7,2.3,6.1,0.17,0.1,0.27,0.17,0.27
Cheikhou Kouyat,Crystal Palace,snSEN,MF,31,27,23,"1,974",21.9,0,1,0,0,0,3,0,0,0.05,0.05,0,0.05,0.6,0.6,0.7,1.3,0.03,0.03,0.06,0.03,0.06
Jeffrey Schlupp,Crystal Palace,ghGHA,"MF,FW",28,32,20,"1,851",20.6,4,1,4,0,0,1,0,0.19,0.05,0.24,0.19,0.24,3.1,3.1,1.8,4.9,0.15,0.09,0.24,0.15,0.24
Odsonne douard,Crystal Palace,frFRA,FW,23,28,18,"1,564",17.4,6,3,5,1,1,4,0,0.35,0.17,0.52,0.29,0.46,6.9,6.1,2.3,8.4,0.39,0.13,0.53,0.35,0.48
James McArthur,Crystal Palace,sctSCO,MF,33,21,15,"1,439",16,0,3,0,0,0,4,0,0,0.19,0.19,0,0.19,0.3,0.3,1,1.4,0.02,0.06,0.08,0.02,0.08
Nathaniel Clyne,Crystal Palace,engENG,DF,30,16,15,"1,351",15,0,1,0,0,0,1,0,0,0.07,0.07,0,0.07,0.1,0.1,0.5,0.6,0.01,0.03,0.04,0.01,0.04
Jean-Philippe Mateta,Crystal Palace,frFRA,FW,24,22,13,"1,145",12.7,5,1,5,0,0,2,0,0.39,0.08,0.47,0.39,0.47,5.5,5.5,1.3,6.8,0.43,0.11,0.54,0.43,0.54
Will Hughes,Crystal Palace,engENG,MF,26,16,13,"1,053",11.7,0,1,0,0,0,6,0,0,0.09,0.09,0,0.09,0.2,0.2,0.7,0.8,0.01,0.06,0.07,0.01,0.07
Michael Olise,Crystal Palace,frFRA,"FW,MF",19,26,12,"1,141",12.7,2,5,2,0,0,4,0,0.16,0.39,0.55,0.16,0.55,1.4,1.4,3.4,4.8,0.11,0.27,0.38,0.11,0.38
Christian Benteke,Crystal Palace,beBEL,FW,30,25,11,"1,145",12.7,4,1,4,0,0,3,0,0.31,0.08,0.39,0.31,0.39,5.4,5.4,1.1,6.5,0.42,0.09,0.51,0.42,0.51
Luka Milivojevi?,Crystal Palace,rsSRB,MF,30,15,9,774,8.6,0,0,0,0,0,1,0,0,0,0,0,0,0.2,0.2,0.8,1,0.03,0.09,0.12,0.03,0.12
Jack Butland,Crystal Palace,engENG,GK,28,9,8,765,8.5,0,0,0,0,0,0,0,0,0,0,0,0,0,0,0,0,0,0,0,0,0
Eberechi Eze,Crystal Palace,engENG,"MF,FW",23,13,6,605,6.7,1,1,1,0,0,1,0,0.15,0.15,0.3,0.15,0.3,0.5,0.5,0.9,1.4,0.08,0.13,0.21,0.08,0.21
James Tomkins,Crystal Palace,engENG,DF,32,8,6,547,6.1,1,0,1,0,0,2,0,0.16,0,0.16,0.16,0.16,0.6,0.6,0.4,0.9,0.09,0.06,0.15,0.09,0.15
Jaro Riedewald,Crystal Palace,nlNED,MF,24,3,1,118,1.3,0,0,0,0,0,0,0,0,0,0,0,0,0,0,0.1,0.1,0,0.06,0.06,0,0.06
Jesuran Rak Sakyi,Crystal Palace,engENG,"FW,MF",18,2,1,80,0.9,0,0,0,0,0,0,0,0,0,0,0,0,0,0,0,0,0,0,0,0,0
Nathan Ferguson,Crystal Palace,engENG,DF,20,1,0,9,0.1,0,0,0,0,0,0,0,0,0,0,0,0,0,0,0,0,0,0,0,0,0
Omotayo Adaramola,Crystal Palace,ieIRL,DF,17,0,0,,,,,,,,,,,,,,,,,,,,,,,
Scott Banks,Crystal Palace,sctSCO,MF,19,0,0,,,,,,,,,,,,,,,,,,,,,,,
Reece Hannam,Crystal Palace,engENG,DF,20,0,0,,,,,,,,,,,,,,,,,,,,,,,
Martin Kelly,Crystal Palace,engENG,"DF,MF",31,0,0,,,,,,,,,,,,,,,,,,,,,,,
Remi Matthews,Crystal Palace,engENG,GK,27,0,0,,,,,,,,,,,,,,,,,,,,,,,
Robert Street,Crystal Palace,engENG,FW,19,0,0,,,,,,,,,,,,,,,,,,,,,,,
Jordan Pickford,Everton,engENG,GK,27,35,35,"3,150",35,0,0,0,0,0,2,0,0,0,0,0,0,0,0,0.1,0.1,0,0,0,0,0
Michael Keane,Everton,engENG,DF,28,32,31,"2,792",31,3,2,3,0,0,4,1,0.1,0.06,0.16,0.1,0.16,1.2,1.2,0.6,1.8,0.04,0.02,0.06,0.04,0.06
Samus Coleman,Everton,ieIRL,DF,32,30,30,"2,656",29.5,1,0,1,0,0,4,0,0.03,0,0.03,0.03,0.03,1,1,1.1,2.1,0.03,0.04,0.07,0.03,0.07
Abdoulaye Doucour,Everton,mlMLI,MF,28,30,29,"2,537",28.2,2,4,2,0,0,6,0,0.07,0.14,0.21,0.07,0.21,2.7,2.7,2.2,4.9,0.1,0.08,0.17,0.1,0.17
Richarlison,Everton,brBRA,"FW,MF",24,30,28,"2,523",28,10,5,7,3,3,9,0,0.36,0.18,0.54,0.25,0.43,10.2,7.9,2.4,10.3,0.36,0.09,0.45,0.28,0.37
Demarai Gray,Everton,engENG,"MF,FW",25,34,28,"2,338",26,5,4,5,0,0,3,0,0.19,0.15,0.35,0.19,0.35,4.5,4.5,4.3,8.8,0.17,0.16,0.34,0.17,0.34
Anthony Gordon,Everton,engENG,"MF,FW",20,35,25,"2,285",25.4,4,2,4,0,0,4,0,0.16,0.08,0.24,0.16,0.24,3.4,3.4,3.3,6.7,0.13,0.13,0.26,0.13,0.26
Allan,Everton,brBRA,MF,30,28,25,"2,183",24.3,0,2,0,0,0,7,1,0,0.08,0.08,0,0.08,0.2,0.2,0.9,1.1,0.01,0.04,0.04,0.01,0.04
Mason Holgate,Everton,engENG,DF,24,25,23,"2,134",23.7,2,1,2,0,0,7,1,0.08,0.04,0.13,0.08,0.13,1.1,1.1,0.1,1.1,0.05,0,0.05,0.05,0.05
Ben Godfrey,Everton,engENG,DF,23,23,23,"2,029",22.5,0,0,0,0,0,6,0,0,0,0,0,0,1.1,1.1,0.7,1.9,0.05,0.03,0.08,0.05,0.08
Alex Iwobi,Everton,ngNGA,"MF,DF",25,28,22,"2,035",22.6,2,2,2,0,0,1,0,0.09,0.09,0.18,0.09,0.18,1.7,1.7,2.8,4.5,0.07,0.13,0.2,0.07,0.2
Andros Townsend,Everton,engENG,MF,30,21,17,"1,455",16.2,3,2,2,1,1,3,0,0.19,0.12,0.31,0.12,0.25,2.3,1.5,2.4,3.9,0.14,0.15,0.29,0.09,0.24
Dominic Calvert-Lewin,Everton,engENG,FW,24,17,15,"1,283",14.3,5,2,3,2,3,2,0,0.35,0.14,0.49,0.21,0.35,6.8,4.6,1.8,6.4,0.48,0.13,0.61,0.32,0.45
Lucas Digne,Everton,frFRA,DF,28,13,13,"1,170",13,0,0,0,0,0,4,0,0,0,0,0,0,0.4,0.4,1.7,2.1,0.03,0.13,0.16,0.03,0.16
Vitaliy Mykolenko,Everton,uaUKR,DF,22,13,12,"1,055",11.7,1,0,1,0,0,0,0,0.09,0,0.09,0.09,0.09,0.8,0.8,0.8,1.6,0.07,0.07,0.14,0.07,0.14
Jonjoe Kenny,Everton,engENG,DF,24,15,11,"1,018",11.3,0,1,0,0,0,3,1,0,0.09,0.09,0,0.09,0.3,0.3,0.5,0.9,0.03,0.05,0.08,0.03,0.08
Yerry Mina,Everton,coCOL,DF,26,13,11,846,9.4,0,0,0,0,0,3,0,0,0,0,0,0,0.3,0.3,0,0.3,0.03,0,0.03,0.03,0.03
Salomn Rondn,Everton,veVEN,FW,31,20,8,790,8.8,1,1,1,0,0,3,1,0.11,0.11,0.23,0.11,0.23,2.2,2.2,0.7,2.9,0.25,0.09,0.33,0.25,0.33
Fabian Delph,Everton,engENG,MF,31,11,8,662,7.4,0,0,0,0,0,2,0,0,0,0,0,0,0,0,0.1,0.1,0.01,0.01,0.02,0.01,0.02
Andr Gomes,Everton,ptPOR,MF,28,14,7,619,6.9,0,1,0,0,0,3,0,0,0.15,0.15,0,0.15,0.7,0.7,0.2,0.9,0.1,0.03,0.13,0.1,0.13
Donny van de Beek,Everton,nlNED,MF,24,7,5,483,5.4,1,0,1,0,0,1,0,0.19,0,0.19,0.19,0.19,0.9,0.9,0.1,1,0.17,0.01,0.18,0.17,0.18
Jarrad Branthwaite,Everton,engENG,DF,19,6,4,388,4.3,1,0,1,0,0,0,1,0.23,0,0.23,0.23,0.23,0.4,0.4,0,0.4,0.1,0,0.1,0.1,0.1
Asmir Begovi?,Everton,baBIH,GK,34,3,3,270,3,0,0,0,0,0,0,0,0,0,0,0,0,0,0,0,0,0,0,0,0,0
Tom Davies,Everton,engENG,MF,23,6,2,234,2.6,1,0,1,0,0,1,0,0.38,0,0.38,0.38,0.38,0.9,0.9,0,0.9,0.35,0,0.35,0.35,0.35
Dele Alli,Everton,engENG,MF,25,11,1,338,3.8,0,0,0,0,0,3,0,0,0,0,0,0,0.1,0.1,0.3,0.4,0.02,0.09,0.11,0.02,0.11
Jean-Philippe Gbamin,Everton,ciCIV,MF,25,3,1,67,0.7,0,0,0,0,0,0,0,0,0,0,0,0,0,0,0,0,0,0,0,0,0
Ellis Simms,Everton,engENG,FW,20,1,1,61,0.7,0,0,0,0,0,0,0,0,0,0,0,0,0,0,0,0,0,0,0,0,0
Lewis Dobbin,Everton,engENG,"FW,MF",18,3,0,32,0.4,0,0,0,0,0,1,0,0,0,0,0,0,0,0,0,0,0,0,0,0,0
Tyler Onyango,Everton,engENG,"MF,FW",18,3,0,28,0.3,0,0,0,0,0,0,0,0,0,0,0,0,0,0,0,0,0.1,0,0.1,0.1,0.1
Isaac Price,Everton,nirNIR,MF,17,1,0,14,0.2,0,0,0,0,0,0,0,0,0,0,0,0,0.2,0.2,0,0.2,1.03,0,1.03,1.03,1.03
Anwar El Ghazi,Everton,nlNED,FW,26,2,0,13,0.1,0,0,0,0,0,0,0,0,0,0,0,0,0,0,0,0,0,0,0,0,0
Cenk Tosun,Everton,trTUR,FW,30,1,0,7,0.1,0,0,0,0,0,0,0,0,0,0,0,0,0,0,0,0,0,0,0,0,0
Moise Kean,Everton,itITA,FW,21,1,0,1,0,0,0,0,0,0,0,0,0,0,0,0,0,0,0,0,0,0,0,0,0,0
Nathan Broadhead,Everton,wlsWAL,"FW,MF",23,0,0,,,,,,,,,,,,,,,,,,,,,,,
Andy Lonergan,Everton,ieIRL,GK,37,0,0,,,,,,,,,,,,,,,,,,,,,,,
Niels Nkounkou,Everton,frFRA,DF,20,0,0,,,,,,,,,,,,,,,,,,,,,,,
Nathan Patterson,Everton,sctSCO,DF,19,0,0,,,,,,,,,,,,,,,,,,,,,,,
Harry Tyrer,Everton,engENG,GK,19,0,0,,,,,,,,,,,,,,,,,,,,,,,
Reece Welch,Everton,engENG,DF,17,0,0,,,,,,,,,,,,,,,,,,,,,,,
Charlie Whitaker,Everton,engENG,MF,17,0,0,,,,,,,,,,,,,,,,,,,,,,,
Illan Meslier,Leeds United,frFRA,GK,21,38,38,"3,384",37.6,0,0,0,0,0,2,0,0,0,0,0,0,0,0,0,0,0,0,0,0,0
Stuart Dallas,Leeds United,nirNIR,"DF,MF",30,34,34,"2,919",32.4,1,1,1,0,0,5,0,0.03,0.03,0.06,0.03,0.06,2,2,2.4,4.3,0.06,0.07,0.13,0.06,0.13
Raphael Dias Belloli,Leeds United,brBRA,"FW,MF",24,35,34,"2,915",32.4,11,3,7,4,4,7,0,0.34,0.09,0.43,0.22,0.31,11.2,8.2,6.8,15,0.35,0.21,0.56,0.25,0.46
Jack Harrison,Leeds United,engENG,"FW,MF",24,35,32,"2,639",29.3,8,1,8,0,0,3,0,0.27,0.03,0.31,0.27,0.31,4,4,2.6,6.6,0.14,0.09,0.22,0.14,0.22
Daniel James,Leeds United,wlsWAL,"FW,MF",23,32,29,"2,366",26.3,4,4,4,0,0,7,1,0.15,0.15,0.3,0.15,0.3,5.7,5.7,2.4,8.1,0.22,0.09,0.31,0.22,0.31
Diego Llorente,Leeds United,esESP,DF,27,28,28,"2,340",26,3,0,3,0,0,7,0,0.12,0,0.12,0.12,0.12,1.4,1.4,0.1,1.4,0.05,0,0.05,0.05,0.05
Rodrigo,Leeds United,esESP,"MF,FW",30,31,27,"2,265",25.2,6,1,5,1,1,9,0,0.24,0.04,0.28,0.2,0.24,4.9,4.1,4.6,8.8,0.19,0.18,0.38,0.16,0.35
Luke Ayling,Leeds United,engENG,DF,29,26,26,"2,272",25.2,2,2,2,0,0,4,1,0.08,0.08,0.16,0.08,0.16,1.6,1.6,0.8,2.4,0.06,0.03,0.1,0.06,0.1
Mateusz Klich,Leeds United,plPOL,MF,31,33,26,"2,073",23,1,2,1,0,0,5,0,0.04,0.09,0.13,0.04,0.13,2.7,2.7,2.2,4.9,0.12,0.09,0.21,0.12,0.21
Pascal Struijk,Leeds United,nlNED,DF,21,29,22,"2,055",22.8,1,0,1,0,0,6,1,0.04,0,0.04,0.04,0.04,1.3,1.3,0.3,1.6,0.06,0.01,0.07,0.06,0.07
Liam Cooper,Leeds United,sctSCO,DF,29,21,21,"1,814",20.2,0,1,0,0,0,5,0,0,0.05,0.05,0,0.05,0.3,0.3,0.1,0.4,0.02,0,0.02,0.02,0.02
Junior Firpo,Leeds United,esESP,DF,24,24,19,"1,711",19,0,2,0,0,0,11,0,0,0.11,0.11,0,0.11,0.9,0.9,2.6,3.5,0.05,0.13,0.18,0.05,0.18
Kalvin Phillips,Leeds United,engENG,MF,25,20,18,"1,596",17.7,0,1,0,0,0,4,0,0,0.06,0.06,0,0.06,0.6,0.6,0.2,0.9,0.04,0.01,0.05,0.04,0.05
Robin Koch,Leeds United,deGER,"MF,DF",25,20,17,"1,574",17.5,0,0,0,0,0,3,0,0,0,0,0,0,0.7,0.7,0.5,1.3,0.04,0.03,0.07,0.04,0.07
Adam Forshaw,Leeds United,engENG,MF,29,22,17,"1,530",17,0,1,0,0,0,5,0,0,0.06,0.06,0,0.06,0.4,0.4,1.1,1.5,0.02,0.07,0.09,0.02,0.09
Tyler Roberts,Leeds United,wlsWAL,"MF,FW",22,23,7,987,11,1,1,1,0,0,5,0,0.09,0.09,0.18,0.09,0.18,2.4,2.4,1.2,3.7,0.22,0.11,0.34,0.22,0.34
Jamie Shackleton,Leeds United,engENG,"DF,MF",21,14,7,709,7.9,0,0,0,0,0,4,0,0,0,0,0,0,0.2,0.2,0,0.2,0.02,0.01,0.03,0.02,0.03
Patrick Bamford,Leeds United,engENG,FW,27,9,7,559,6.2,2,2,2,0,0,2,0,0.32,0.32,0.64,0.32,0.64,3.9,3.9,1,4.9,0.63,0.15,0.78,0.63,0.78
Joe Gelhardt,Leeds United,engENG,"FW,MF",19,20,5,746,8.3,2,2,2,0,0,4,0,0.24,0.24,0.48,0.24,0.48,3.1,3.1,1.5,4.7,0.38,0.19,0.56,0.38,0.56
Sam Greenwood,Leeds United,engENG,"MF,FW",19,7,1,237,2.6,0,2,0,0,0,0,0,0,0.76,0.76,0,0.76,0.4,0.4,0.7,1.1,0.14,0.28,0.42,0.14,0.42
Lewis Bate,Leeds United,engENG,MF,18,3,1,146,1.6,0,0,0,0,0,0,0,0,0,0,0,0,0,0,0,0,0.01,0,0.01,0.01,0.01
Charlie Cresswell,Leeds United,engENG,DF,18,5,1,141,1.6,0,0,0,0,0,1,0,0,0,0,0,0,0.1,0.1,0,0.1,0.05,0,0.05,0.05,0.05
Cody Drameh,Leeds United,engENG,DF,19,3,1,128,1.4,0,0,0,0,0,1,0,0,0,0,0,0,0,0,0,0,0,0.01,0.01,0,0.01
Leo Fuhr Hjelde,Leeds United,noNOR,DF,17,2,0,150,1.7,0,0,0,0,0,0,0,0,0,0,0,0,0,0,0,0,0,0.02,0.02,0,0.02
Crysencio Summerville,Leeds United,nlNED,"MF,FW",19,6,0,130,1.4,0,0,0,0,0,0,0,0,0,0,0,0,0.3,0.3,0.1,0.3,0.18,0.03,0.21,0.18,0.21
Kristoffer Klaesson,Leeds United,noNOR,GK,20,1,0,36,0.4,0,0,0,0,0,0,0,0,0,0,0,0,0,0,0,0,0,0,0,0,0
Hlder Costa,Leeds United,aoANG,MF,27,1,0,22,0.2,0,0,0,0,0,0,0,0,0,0,0,0,0,0,0,0,0.11,0,0.11,0.11,0.11
Liam McCarron,Leeds United,sctSCO,FW,20,1,0,10,0.1,0,0,0,0,0,0,0,0,0,0,0,0,0,0,0,0,0,0,0,0,0
Stuart McKinstry,Leeds United,sctSCO,MF,18,1,0,4,0,0,0,0,0,0,0,0,0,0,0,0,0,0,0,0,0,0,0,0,0,0
Nohan Kenneh,Leeds United,engENG,DF,18,0,0,,0,0,0,0,0,0,1,0,,,,,,,,,,,,,,
Archie Gray,Leeds United,engENG,MF,15,0,0,,,,,,,,,,,,,,,,,,,,,,,
Jack Jenkins,Leeds United,engENG,MF,19,0,0,,,,,,,,,,,,,,,,,,,,,,,
Kris Moore,Leeds United,,MF,,0,0,,,,,,,,,,,,,,,,,,,,,,,
Kasper Schmeichel,Leicester City,dkDEN,GK,34,37,37,"3,330",37,0,0,0,0,0,2,0,0,0,0,0,0,0,0,0,0,0,0,0,0,0
Youri Tielemans,Leicester City,beBEL,MF,24,32,29,"2,631",29.2,6,4,4,2,2,3,0,0.21,0.14,0.34,0.14,0.27,4.6,3.1,4.9,7.9,0.16,0.17,0.32,0.11,0.27
a?lar Sync,Leicester City,trTUR,DF,25,28,28,"2,497",27.7,1,0,1,0,0,5,0,0.04,0,0.04,0.04,0.04,1.4,1.4,0.1,1.5,0.05,0,0.05,0.05,0.05
James Maddison,Leicester City,engENG,"MF,FW",24,35,28,"2,459",27.3,12,8,12,0,0,3,0,0.44,0.29,0.73,0.44,0.73,8.2,8.2,4.8,13,0.3,0.18,0.48,0.3,0.48
Harvey Barnes,Leicester City,engENG,"FW,MF",23,32,24,"2,101",23.3,6,10,6,0,0,2,0,0.26,0.43,0.69,0.26,0.69,6.8,6.8,4,10.8,0.29,0.17,0.46,0.29,0.46
Daniel Amartey,Leicester City,ghGHA,DF,26,28,23,"2,123",23.6,0,0,0,0,0,4,0,0,0,0,0,0,0,0,0.2,0.2,0,0.01,0.01,0,0.01
Kiernan Dewsbury Hall,Leicester City,engENG,MF,22,28,23,"2,105",23.4,1,3,1,0,0,4,0,0.04,0.13,0.17,0.04,0.17,1.3,1.3,3,4.3,0.06,0.13,0.18,0.06,0.18
Timothy Castagne,Leicester City,beBEL,DF,25,27,22,"2,127",23.6,1,0,1,0,0,1,0,0.04,0,0.04,0.04,0.04,0.8,0.8,1.3,2.1,0.03,0.05,0.09,0.03,0.09
Luke Thomas,Leicester City,engENG,DF,20,22,21,"1,912",21.2,0,1,0,0,0,2,0,0,0.05,0.05,0,0.05,0.2,0.2,1.6,1.8,0.01,0.07,0.08,0.01,0.08
Jamie Vardy,Leicester City,engENG,FW,34,25,20,"1,806",20.1,15,2,15,0,0,2,0,0.75,0.1,0.85,0.75,0.85,9.5,9.5,1.6,11.1,0.47,0.08,0.55,0.47,0.55
Wilfred Ndidi,Leicester City,ngNGA,"MF,DF",24,19,18,"1,618",18,0,0,0,0,0,4,0,0,0,0,0,0,1,1,0,1,0.06,0,0.06,0.06,0.06
Ademola Lookman,Leicester City,ngNGA,"FW,MF",23,26,16,"1,453",16.1,6,0,6,0,0,2,0,0.37,0,0.37,0.37,0.37,5.1,5.1,1.9,6.9,0.31,0.12,0.43,0.31,0.43
Jonny Evans,Leicester City,nirNIR,DF,33,18,16,"1,348",15,1,1,1,0,0,3,0,0.07,0.07,0.13,0.07,0.13,0.7,0.7,0.6,1.3,0.05,0.04,0.09,0.05,0.09
Kelechi Iheanacho,Leicester City,ngNGA,FW,24,26,13,"1,264",14,4,5,4,0,0,1,0,0.28,0.36,0.64,0.28,0.64,3.4,3.4,2.7,6.1,0.25,0.19,0.44,0.25,0.44
Patson Daka,Leicester City,zmZAM,FW,22,23,13,"1,159",12.9,5,3,5,0,0,2,0,0.39,0.23,0.62,0.39,0.62,4.7,4.7,1.8,6.5,0.36,0.14,0.51,0.36,0.51
Ricardo Pereira,Leicester City,ptPOR,DF,27,14,13,991,11,1,3,1,0,0,3,0,0.09,0.27,0.36,0.09,0.36,0.7,0.7,1.3,2,0.06,0.12,0.18,0.06,0.18
Boubakary Soumar,Leicester City,frFRA,MF,22,19,12,"1,102",12.2,0,1,0,0,0,0,0,0,0.08,0.08,0,0.08,0.4,0.4,0.4,0.8,0.03,0.03,0.06,0.03,0.06
Nampalys Mendy,Leicester City,snSEN,MF,29,14,12,"1,032",11.5,0,0,0,0,0,3,0,0,0,0,0,0,0,0,0,0,0,0,0,0,0
Marc Albrighton,Leicester City,engENG,"FW,DF",31,17,11,"1,132",12.6,1,2,1,0,0,3,0,0.08,0.16,0.24,0.08,0.24,0.5,0.5,1.7,2.2,0.04,0.13,0.18,0.04,0.18
James Justin,Leicester City,engENG,DF,23,13,11,998,11.1,0,0,0,0,0,0,0,0,0,0,0,0,0.6,0.6,1,1.6,0.06,0.09,0.14,0.06,0.14
Wesley Fofana,Leicester City,frFRA,DF,20,7,7,630,7,0,0,0,0,0,2,0,0,0,0,0,0,0.2,0.2,0,0.3,0.03,0,0.04,0.03,0.04
Jannik Vestergaard,Leicester City,dkDEN,DF,28,10,6,567,6.3,0,0,0,0,0,2,0,0,0,0,0,0,0.1,0.1,0,0.1,0.01,0.01,0.01,0.01,0.01
Ayoze Prez,Leicester City,esESP,"MF,FW",28,14,6,445,4.9,2,3,2,0,0,0,1,0.4,0.61,1.01,0.4,1.01,1.5,1.5,0.9,2.4,0.31,0.18,0.49,0.31,0.49
Ryan Bertrand,Leicester City,engENG,DF,31,4,4,337,3.7,0,0,0,0,0,1,0,0,0,0,0,0,0,0,0.3,0.3,0,0.08,0.08,0,0.08
Hamza Choudhury,Leicester City,engENG,"DF,MF",23,6,4,285,3.2,0,0,0,0,0,1,0,0,0,0,0,0,0,0,0,0,0.01,0,0.01,0.01,0.01
Danny Ward,Leicester City,wlsWAL,GK,28,1,1,90,1,0,0,0,0,0,0,0,0,0,0,0,0,0,0,0,0,0,0,0,0,0
Lewis Brunt,Leicester City,engENG,MF,20,1,0,24,0.3,0,0,0,0,0,0,0,0,0,0,0,0,0,0,0,0,0,0,0,0,0
Kasey McAteer,Leicester City,engENG,FW,19,1,0,3,0,0,0,0,0,0,0,0,0,0,0,0,0,0,0,0,0,0,0,0,0,0
Vontae Daley Campbell,Leicester City,engENG,DF,20,0,0,,,,,,,,,,,,,,,,,,,,,,,
Eldin Jakupovi?,Leicester City,chSUI,GK,36,0,0,,,,,,,,,,,,,,,,,,,,,,,
Benjamin Nelson,Leicester City,sctSCO,DF,17,0,0,,,,,,,,,,,,,,,,,,,,,,,
Dennis Praet,Leicester City,beBEL,MF,27,0,0,,,,,,,,,,,,,,,,,,,,,,,
Alisson,Liverpool,brBRA,GK,28,36,36,"3,240",36,0,1,0,0,0,0,0,0,0.03,0.03,0,0.03,0,0,0.4,0.4,0,0.01,0.01,0,0.01
Virgil van Dijk,Liverpool,nlNED,DF,30,34,34,"3,060",34,3,1,3,0,0,3,0,0.09,0.03,0.12,0.09,0.12,2.4,2.4,0.4,2.8,0.07,0.01,0.08,0.07,0.08
Trent Alexander-Arnold,Liverpool,engENG,DF,22,32,32,"2,853",31.7,2,12,2,0,0,2,0,0.06,0.38,0.44,0.06,0.44,2.7,2.7,11.2,13.9,0.08,0.35,0.44,0.08,0.44
Sadio Man,Liverpool,snSEN,FW,29,34,32,"2,819",31.3,16,2,16,0,0,5,0,0.51,0.06,0.57,0.51,0.57,16.7,16.7,4.4,21.1,0.53,0.14,0.67,0.53,0.67
Jol Matip,Liverpool,cmCMR,DF,29,31,31,"2,790",31,3,3,3,0,0,2,0,0.1,0.1,0.19,0.1,0.19,3.1,3.1,1.2,4.3,0.1,0.04,0.14,0.1,0.14
Mohamed Salah,Liverpool,egEGY,FW,29,35,30,"2,762",30.7,23,13,18,5,6,1,0,0.75,0.42,1.17,0.59,1.01,21.8,17,10.4,27.4,0.71,0.34,1.05,0.55,0.89
Jordan Henderson,Liverpool,engENG,MF,31,35,29,"2,597",28.9,2,5,2,0,0,3,0,0.07,0.17,0.24,0.07,0.24,1.5,1.5,3.8,5.3,0.05,0.13,0.18,0.05,0.18
Andrew Robertson,Liverpool,sctSCO,DF,27,29,29,"2,537",28.2,3,10,3,0,0,5,1,0.11,0.35,0.46,0.11,0.46,1.9,1.9,5.2,7,0.07,0.18,0.25,0.07,0.25
Diogo Jota,Liverpool,ptPOR,FW,24,35,27,"2,364",26.3,15,4,15,0,0,3,0,0.57,0.15,0.72,0.57,0.72,16.1,16.1,5.5,21.6,0.61,0.21,0.82,0.61,0.82
Fabinho,Liverpool,brBRA,MF,27,29,26,"2,314",25.7,5,1,3,2,2,7,0,0.19,0.04,0.23,0.12,0.16,3.4,1.9,1.4,3.3,0.13,0.05,0.19,0.07,0.13
Thiago Alcntara,Liverpool,esESP,MF,30,25,17,"1,534",17,1,4,1,0,0,2,0,0.06,0.23,0.29,0.06,0.29,1.8,1.8,2.3,4.2,0.11,0.14,0.25,0.11,0.25
Naby Keta,Liverpool,gnGUI,MF,26,23,14,"1,173",13,3,1,3,0,0,3,0,0.23,0.08,0.31,0.23,0.31,2.3,2.3,1.6,3.9,0.18,0.12,0.3,0.18,0.3
Ibrahima Konat,Liverpool,frFRA,DF,22,11,11,990,11,0,0,0,0,0,2,0,0,0,0,0,0,0.3,0.3,0.1,0.4,0.02,0.01,0.03,0.02,0.03
Luis Daz,Liverpool,coCOL,FW,24,13,11,958,10.6,4,3,4,0,0,0,0,0.38,0.28,0.66,0.38,0.66,4.5,4.5,1.8,6.3,0.42,0.17,0.59,0.42,0.59
Roberto Firmino,Liverpool,brBRA,FW,29,20,10,990,11,5,4,5,0,0,3,0,0.45,0.36,0.82,0.45,0.82,5,5,2.4,7.4,0.46,0.22,0.67,0.46,0.67
Curtis Jones,Liverpool,engENG,MF,20,15,10,851,9.5,1,1,1,0,0,0,0,0.11,0.11,0.21,0.11,0.21,0.9,0.9,0.6,1.6,0.1,0.07,0.16,0.1,0.16
Kostas Tsimikas,Liverpool,grGRE,DF,25,13,9,877,9.7,0,2,0,0,0,3,0,0,0.21,0.21,0,0.21,0.5,0.5,2.6,3.1,0.06,0.26,0.32,0.06,0.32
James Milner,Liverpool,engENG,"MF,DF",35,24,9,853,9.5,0,1,0,0,0,2,0,0,0.11,0.11,0,0.11,0.3,0.3,2.2,2.4,0.03,0.23,0.26,0.03,0.26
Alex Oxlade-Chamberlain,Liverpool,engENG,"MF,FW",27,17,9,785,8.7,2,1,2,0,0,0,0,0.23,0.11,0.34,0.23,0.34,1.2,1.2,0.9,2.1,0.14,0.11,0.24,0.14,0.24
Harvey Elliott,Liverpool,engENG,MF,18,6,4,346,3.8,0,0,0,0,0,0,0,0,0,0,0,0,0.9,0.9,0.5,1.4,0.23,0.12,0.35,0.23,0.35
Joe Gomez,Liverpool,engENG,DF,24,8,4,331,3.7,0,1,0,0,0,2,0,0,0.27,0.27,0,0.27,0,0,0.5,0.5,0,0.13,0.13,0,0.13
Caoimhn Kelleher,Liverpool,ieIRL,GK,22,2,2,180,2,0,0,0,0,0,0,0,0,0,0,0,0,0,0,0,0,0,0,0,0,0
Takumi Minamino,Liverpool,jpJPN,"FW,MF",26,11,1,186,2.1,3,0,3,0,0,1,0,1.45,0,1.45,1.45,1.45,1.8,1.8,0.5,2.3,0.88,0.25,1.13,0.88,1.13
Tyler Morton,Liverpool,engENG,MF,18,2,1,66,0.7,0,0,0,0,0,1,0,0,0,0,0,0,0,0,0,0,0,0,0,0,0
Divock Origi,Liverpool,beBEL,FW,26,7,0,133,1.5,3,0,3,0,0,0,0,2.03,0,2.03,2.03,2.03,1.6,1.6,0,1.6,1.08,0,1.08,1.08,1.08
Kaide Gordon,Liverpool,engENG,FW,16,1,0,9,0.1,0,0,0,0,0,0,0,0,0,0,0,0,0.4,0.4,0,0.4,4.48,0,4.48,4.48,4.48
Neco Williams,Liverpool,wlsWAL,DF,20,1,0,8,0.1,0,1,0,0,0,0,0,0,11.25,11.25,0,11.25,0,0,0.6,0.6,0,6.5,6.5,0,6.5
Adrin,Liverpool,esESP,GK,34,0,0,,,,,,,,,,,,,,,,,,,,,,,
Owen Beck,Liverpool,wlsWAL,DF,18,0,0,,,,,,,,,,,,,,,,,,,,,,,
Conor Bradley,Liverpool,nirNIR,DF,18,0,0,,,,,,,,,,,,,,,,,,,,,,,
Nathaniel Phillips,Liverpool,engENG,DF,24,0,0,,,,,,,,,,,,,,,,,,,,,,,
Marcelo Pitaluga,Liverpool,brBRA,GK,18,0,0,,,,,,,,,,,,,,,,,,,,,,,
Jarrell Quansah,Liverpool,engENG,DF,18,0,0,,,,,,,,,,,,,,,,,,,,,,,
Rhys Williams,Liverpool,engENG,DF,20,0,0,,,,,,,,,,,,,,,,,,,,,,,
Ben Woodburn,Liverpool,wlsWAL,"FW,MF",21,0,0,,,,,,,,,,,,,,,,,,,,,,,
Ederson,Manchester City,brBRA,GK,27,37,37,"3,330",37,0,0,0,0,0,3,0,0,0,0,0,0,0,0,0.1,0.1,0,0,0,0,0
Joo Cancelo,Manchester City,ptPOR,DF,27,36,36,"3,227",35.9,1,7,1,0,0,7,0,0.03,0.2,0.22,0.03,0.22,4.1,4.1,5.1,9.3,0.12,0.14,0.26,0.12,0.26
Rodri,Manchester City,esESP,MF,25,33,33,"2,884",32,7,2,7,0,0,5,0,0.22,0.06,0.28,0.22,0.28,2.7,2.7,1.4,4.1,0.08,0.04,0.13,0.08,0.13
Bernardo Silva,Manchester City,ptPOR,"MF,FW",26,35,33,"2,857",31.7,8,4,8,0,0,6,0,0.25,0.13,0.38,0.25,0.38,6.8,6.8,5.2,12,0.21,0.16,0.38,0.21,0.38
Aymeric Laporte,Manchester City,esESP,DF,27,33,33,"2,828",31.4,4,0,4,0,0,5,1,0.13,0,0.13,0.13,0.13,4.4,4.4,0.5,4.9,0.14,0.02,0.16,0.14,0.16
Rben Dias,Manchester City,ptPOR,DF,24,29,27,"2,402",26.7,2,4,2,0,0,5,0,0.07,0.15,0.22,0.07,0.22,2.2,2.2,2.4,4.6,0.08,0.09,0.17,0.08,0.17
Kevin De Bruyne,Manchester City,beBEL,MF,30,30,25,"2,201",24.5,15,8,15,0,0,2,0,0.61,0.33,0.94,0.61,0.94,6.4,6.4,9.5,15.9,0.26,0.39,0.65,0.26,0.65
Phil Foden,Manchester City,engENG,FW,21,28,24,"2,128",23.6,9,5,9,0,0,1,0,0.38,0.21,0.59,0.38,0.59,9.1,9.1,6.6,15.7,0.38,0.28,0.66,0.38,0.66
Raheem Sterling,Manchester City,engENG,FW,26,30,23,"2,128",23.6,13,5,11,2,3,1,0,0.55,0.21,0.76,0.47,0.68,14.4,12,4.6,16.6,0.61,0.2,0.81,0.51,0.7
Jack Grealish,Manchester City,engENG,FW,25,26,22,"1,914",21.3,3,3,3,0,0,3,0,0.14,0.14,0.28,0.14,0.28,4.8,4.8,6.3,11.1,0.22,0.3,0.52,0.22,0.52
Gabriel Jesus,Manchester City,brBRA,FW,24,28,21,"1,877",20.9,8,8,7,1,1,1,0,0.38,0.38,0.77,0.34,0.72,10.1,9.4,5.4,14.7,0.49,0.26,0.74,0.45,0.71
?lkay Gndo?an,Manchester City,deGER,MF,30,27,20,"1,857",20.6,8,4,8,0,0,1,0,0.39,0.19,0.58,0.39,0.58,8.6,8.6,4.2,12.8,0.42,0.2,0.62,0.42,0.62
Kyle Walker,Manchester City,engENG,DF,31,20,20,"1,755",19.5,0,2,0,0,0,1,0,0,0.1,0.1,0,0.1,0.3,0.3,1.2,1.4,0.01,0.06,0.07,0.01,0.07
Riyad Mahrez,Manchester City,dzALG,FW,30,28,15,"1,498",16.6,11,5,7,4,5,0,0,0.66,0.3,0.96,0.42,0.72,10.1,6.3,3.7,10,0.61,0.22,0.83,0.38,0.6
John Stones,Manchester City,engENG,DF,27,14,12,"1,119",12.4,1,0,1,0,0,0,0,0.08,0,0.08,0.08,0.08,1,1,0.1,1.1,0.08,0.01,0.09,0.08,0.09
Oleksandr Zinchenko,Manchester City,uaUKR,DF,24,15,10,"1,047",11.6,0,4,0,0,0,0,0,0,0.34,0.34,0,0.34,0.4,0.4,2,2.5,0.04,0.18,0.21,0.04,0.21
Fernandinho,Manchester City,brBRA,"MF,DF",36,19,10,964,10.7,2,1,2,0,0,1,0,0.19,0.09,0.28,0.19,0.28,1.6,1.6,0.9,2.5,0.15,0.08,0.24,0.15,0.24
Nathan Ak,Manchester City,nlNED,DF,26,14,10,923,10.3,2,0,2,0,0,0,0,0.2,0,0.2,0.2,0.2,1.1,1.1,0.5,1.6,0.11,0.05,0.16,0.11,0.16
Ferrn Torres,Manchester City,esESP,FW,21,4,4,303,3.4,2,1,2,0,0,0,0,0.59,0.3,0.89,0.59,0.89,2.5,2.5,0,2.5,0.74,0.01,0.75,0.74,0.75
Cole Palmer,Manchester City,engENG,"FW,MF",19,4,1,123,1.4,0,0,0,0,0,0,0,0,0,0,0,0,0.3,0.3,0.2,0.5,0.23,0.17,0.39,0.23,0.39
Zack Steffen,Manchester City,usUSA,GK,26,1,1,90,1,0,0,0,0,0,0,0,0,0,0,0,0,0,0,0,0,0,0,0,0,0
Benjamin Mendy,Manchester City,frFRA,DF,27,1,1,78,0.9,0,0,0,0,0,0,0,0,0,0,0,0,0,0,0.3,0.3,0,0.3,0.3,0,0.3
James Mcatee,Manchester City,engENG,"MF,FW",18,2,0,20,0.2,0,0,0,0,0,0,0,0,0,0,0,0,0,0,0,0,0.19,0,0.19,0.19,0.19
Liam Delap,Manchester City,engENG,FW,18,1,0,10,0.1,0,0,0,0,0,0,0,0,0,0,0,0,0,0,0,0,0,0,0,0,0
Kayky Chagas,Manchester City,brBRA,FW,18,1,0,7,0.1,0,0,0,0,0,0,0,0,0,0,0,0,0,0,0,0,0,0,0,0,0
CJ Egan-Riley,Manchester City,engENG,DF,18,1,0,4,0,0,0,0,0,0,0,0,0,0,0,0,0,0,0,0,0,0,0,0,0,0
Scott Carson,Manchester City,engENG,GK,35,0,0,,,,,,,,,,,,,,,,,,,,,,,
Thomas Doyle,Manchester City,engENG,MF,19,0,0,,,,,,,,,,,,,,,,,,,,,,,
Samuel Edozie,Manchester City,engENG,FW,18,0,0,,,,,,,,,,,,,,,,,,,,,,,
Romo Lavia,Manchester City,beBEL,MF,17,0,0,,,,,,,,,,,,,,,,,,,,,,,
Luke Mbete-Tatu,Manchester City,engENG,DF,20,0,0,,,,,,,,,,,,,,,,,,,,,,,
Cieran Slicker,Manchester City,sctSCO,GK,18,0,0,,,,,,,,,,,,,,,,,,,,,,,
Josh Wilson-Esbrand,Manchester City,engENG,DF,18,0,0,,,,,,,,,,,,,,,,,,,,,,,
David de Gea,Manchester United,esESP,GK,30,38,38,"3,420",38,0,0,0,0,0,0,0,0,0,0,0,0,0,0,0,0,0,0,0,0,0
Bruno Fernandes,Manchester United,ptPOR,MF,26,36,35,"3,111",34.6,10,6,10,0,2,10,0,0.29,0.17,0.46,0.29,0.46,9.7,8.2,8.4,16.6,0.28,0.24,0.53,0.24,0.48
Harry Maguire,Manchester United,engENG,DF,28,30,28,"2,515",27.9,1,0,1,0,0,9,1,0.04,0,0.04,0.04,0.04,1.7,1.7,0.2,1.9,0.06,0.01,0.07,0.06,0.07
Scott McTominay,Manchester United,sctSCO,MF,24,30,28,"2,387",26.5,1,1,1,0,0,9,0,0.04,0.04,0.08,0.04,0.08,1.5,1.5,1.8,3.3,0.06,0.07,0.12,0.06,0.12
Cristiano Ronaldo,Manchester United,ptPOR,FW,36,30,27,"2,456",27.3,18,3,15,3,3,8,0,0.66,0.11,0.77,0.55,0.66,16.5,14.2,3.1,17.3,0.61,0.11,0.72,0.52,0.64
Victor Lindelf,Manchester United,seSWE,DF,27,28,26,"2,355",26.2,0,2,0,0,0,4,0,0,0.08,0.08,0,0.08,0.3,0.3,0.5,0.8,0.01,0.02,0.03,0.01,0.03
Fred,Manchester United,brBRA,MF,28,28,24,"2,028",22.5,4,4,4,0,0,5,0,0.18,0.18,0.36,0.18,0.36,1.5,1.5,2,3.4,0.07,0.09,0.15,0.07,0.15
Jadon Sancho,Manchester United,engENG,"FW,MF",21,29,20,"1,900",21.1,3,3,3,0,0,0,0,0.14,0.14,0.28,0.14,0.28,3.3,3.3,4.2,7.5,0.16,0.2,0.36,0.16,0.36
Raphal Varane,Manchester United,frFRA,DF,28,22,20,"1,831",20.3,1,1,1,0,0,0,0,0.05,0.05,0.1,0.05,0.1,0.8,0.8,0.2,1,0.04,0.01,0.05,0.04,0.05
Aaron Wan-Bissaka,Manchester United,engENG,DF,23,20,20,"1,793",19.9,0,0,0,0,0,2,0,0,0,0,0,0,0.2,0.2,0.9,1.1,0.01,0.05,0.06,0.01,0.06
Diogo Dalot,Manchester United,ptPOR,DF,22,24,19,"1,801",20,0,0,0,0,0,4,0,0,0,0,0,0,0.7,0.7,1,1.7,0.03,0.05,0.08,0.03,0.08
Luke Shaw,Manchester United,engENG,DF,26,20,19,"1,601",17.8,0,3,0,0,0,8,0,0,0.17,0.17,0,0.17,0.2,0.2,3.2,3.4,0.01,0.18,0.19,0.01,0.19
Alex Telles,Manchester United,brBRA,DF,28,21,18,"1,660",18.4,0,4,0,0,0,1,0,0,0.22,0.22,0,0.22,0.5,0.5,2,2.4,0.03,0.11,0.13,0.03,0.13
Nemanja Mati?,Manchester United,rsSRB,MF,32,23,16,"1,382",15.4,0,4,0,0,0,3,0,0,0.26,0.26,0,0.26,0.2,0.2,1.8,1.9,0.01,0.12,0.13,0.01,0.13
Paul Pogba,Manchester United,frFRA,"MF,FW",28,20,16,"1,349",15,1,9,1,0,0,7,1,0.07,0.6,0.67,0.07,0.67,2.4,2.4,3.5,6,0.16,0.24,0.4,0.16,0.4
Mason Greenwood,Manchester United,engENG,"FW,MF",19,18,16,"1,271",14.1,5,1,5,0,0,1,0,0.35,0.07,0.42,0.35,0.42,4.4,4.4,1.6,6,0.31,0.11,0.42,0.31,0.42
Anthony Elanga,Manchester United,seSWE,FW,19,21,14,"1,214",13.5,2,2,2,0,0,0,0,0.15,0.15,0.3,0.15,0.3,3,3,1.8,4.8,0.22,0.14,0.35,0.22,0.35
Marcus Rashford,Manchester United,engENG,"FW,MF",23,25,13,"1,235",13.7,4,2,4,0,0,2,0,0.29,0.15,0.44,0.29,0.44,2.4,2.4,2,4.4,0.18,0.14,0.32,0.18,0.32
Edinson Cavani,Manchester United,uyURU,FW,34,15,7,766,8.5,2,1,2,0,0,0,0,0.23,0.12,0.35,0.23,0.35,3.4,3.4,1.4,4.7,0.39,0.16,0.55,0.39,0.55
Eric Bailly,Manchester United,ciCIV,DF,27,4,3,217,2.4,0,0,0,0,0,1,0,0,0,0,0,0,0,0,0,0,0,0,0,0,0
Jesse Lingard,Manchester United,engENG,"FW,MF",28,16,2,367,4.1,2,0,2,0,0,1,0,0.49,0,0.49,0.49,0.49,0.7,0.7,0.4,1.1,0.17,0.1,0.26,0.17,0.26
Juan Mata,Manchester United,esESP,MF,33,7,2,235,2.6,0,0,0,0,0,0,0,0,0,0,0,0,0.3,0.3,0.2,0.5,0.11,0.06,0.17,0.11,0.17
Anthony Martial,Manchester United,frFRA,FW,25,8,2,212,2.4,1,0,1,0,0,0,0,0.42,0,0.42,0.42,0.42,0.4,0.4,0.1,0.6,0.19,0.06,0.25,0.19,0.25
Phil Jones,Manchester United,engENG,DF,29,4,2,163,1.8,0,0,0,0,0,0,0,0,0,0,0,0,0,0,0,0,0,0.01,0.01,0,0.01
Daniel James,Manchester United,wlsWAL,FW,23,2,2,126,1.4,0,0,0,0,0,0,0,0,0,0,0,0,0.2,0.2,0,0.3,0.17,0.01,0.19,0.17,0.19
Hannibal Mejbri,Manchester United,tnTUN,FW,18,2,1,68,0.8,0,0,0,0,0,2,0,0,0,0,0,0,0.1,0.1,0,0.1,0.12,0,0.12,0.12,0.12
Donny van de Beek,Manchester United,nlNED,MF,24,8,0,75,0.8,1,0,1,0,0,0,0,1.2,0,1.2,1.2,1.2,0.7,0.7,0.5,1.2,0.88,0.58,1.46,0.88,1.46
Shola Shoretire,Manchester United,engENG,FW,17,1,0,16,0.2,0,0,0,0,0,0,0,0,0,0,0,0,0,0,0,0,0,0,0,0,0
Alejandro Garnacho,Manchester United,esESP,FW,17,2,0,13,0.1,0,0,0,0,0,0,0,0,0,0,0,0,0,0,0,0,0,0,0,0,0
Amad Diallo,Manchester United,ciCIV,FW,19,0,0,,,,,,,,,,,,,,,,,,,,,,,
lvaro Fernndez,Manchester United,esESP,DF,18,0,0,,,,,,,,,,,,,,,,,,,,,,,
Tom Heaton,Manchester United,engENG,GK,35,0,0,,,,,,,,,,,,,,,,,,,,,,,
Dean Henderson,Manchester United,engENG,GK,24,0,0,,,,,,,,,,,,,,,,,,,,,,,
Andreas Pereira,Manchester United,brBRA,MF,25,0,0,,,,,,,,,,,,,,,,,,,,,,,
Charlie Savage,Manchester United,wlsWAL,MF,18,0,0,,,,,,,,,,,,,,,,,,,,,,,
Brandon Williams,Manchester United,engENG,DF,20,0,0,,,,,,,,,,,,,,,,,,,,,,,
Allan Saint-Maximin,Newcastle United,frFRA,"FW,MF",24,35,31,"2,804",31.2,5,5,5,0,0,6,0,0.16,0.16,0.32,0.16,0.32,5.1,5.1,5.8,10.9,0.16,0.19,0.35,0.16,0.35
Joelinton,Newcastle United,brBRA,"MF,FW",24,35,30,"2,558",28.4,4,1,4,0,0,8,0,0.14,0.04,0.18,0.14,0.18,4.1,4.1,1.8,6,0.15,0.06,0.21,0.15,0.21
Martin Dbravka,Newcastle United,skSVK,GK,32,26,26,"2,340",26,0,0,0,0,0,1,0,0,0,0,0,0,0,0,0.1,0.1,0,0,0,0,0
Fabian Schr,Newcastle United,chSUI,DF,29,25,25,"2,158",24,2,2,2,0,0,4,0,0.08,0.08,0.17,0.08,0.17,1.3,1.3,0.6,2,0.06,0.03,0.08,0.06,0.08
Joe Willock,Newcastle United,engENG,MF,21,29,24,"2,038",22.6,2,0,2,0,0,0,0,0.09,0,0.09,0.09,0.09,3.6,3.6,1.2,4.8,0.16,0.05,0.21,0.16,0.21
Jamaal Lascelles,Newcastle United,engENG,DF,27,26,22,"2,058",22.9,1,0,1,0,0,5,0,0.04,0,0.04,0.04,0.04,1.1,1.1,0.3,1.3,0.05,0.01,0.06,0.05,0.06
Jonjo Shelvey,Newcastle United,engENG,MF,29,24,22,"1,983",22,2,1,2,0,0,7,1,0.09,0.05,0.14,0.09,0.14,0.9,0.9,0.8,1.7,0.04,0.04,0.08,0.04,0.08
Miguel Almirn,Newcastle United,pyPAR,"MF,FW",27,30,19,"1,716",19.1,1,0,1,0,0,2,0,0.05,0,0.05,0.05,0.05,2.1,2.1,0.7,2.7,0.11,0.03,0.14,0.11,0.14
Emil Krafth,Newcastle United,seSWE,DF,26,20,18,"1,634",18.2,0,1,0,0,0,5,0,0,0.06,0.06,0,0.06,0.2,0.2,0.8,1,0.01,0.04,0.06,0.01,0.06
Ryan Fraser,Newcastle United,sctSCO,"FW,MF",27,27,18,"1,465",16.3,2,3,2,0,0,3,0,0.12,0.18,0.31,0.12,0.31,2.8,2.8,2.2,5.1,0.17,0.14,0.31,0.17,0.31
Dan Burn,Newcastle United,engENG,DF,29,16,16,"1,440",16,0,1,0,0,0,4,0,0,0.06,0.06,0,0.06,0.5,0.5,0.1,0.6,0.03,0.01,0.04,0.03,0.04
Matt Targett,Newcastle United,engENG,DF,25,16,16,"1,440",16,0,0,0,0,0,1,0,0,0,0,0,0,0.3,0.3,1.6,1.9,0.02,0.1,0.12,0.02,0.12
Callum Wilson,Newcastle United,engENG,FW,29,18,16,"1,386",15.4,8,0,6,2,2,4,0,0.52,0,0.52,0.39,0.39,6.5,5,0.6,5.5,0.42,0.04,0.46,0.32,0.36
Sean Longstaff,Newcastle United,engENG,MF,23,24,15,"1,464",16.3,1,1,1,0,0,1,0,0.06,0.06,0.12,0.06,0.12,1.2,1.2,0.7,1.9,0.07,0.04,0.12,0.07,0.12
Chris Wood,Newcastle United,nzNZL,FW,29,17,15,"1,327",14.7,2,0,1,1,1,0,0,0.14,0,0.14,0.07,0.07,2.9,2.1,1,3.1,0.19,0.07,0.26,0.14,0.21
Javier Manquillo,Newcastle United,esESP,DF,27,19,15,"1,257",14,1,2,1,0,0,5,0,0.07,0.14,0.21,0.07,0.21,0.5,0.5,0.3,0.8,0.03,0.02,0.06,0.03,0.06
Matt Ritchie,Newcastle United,sctSCO,DF,31,18,14,"1,337",14.9,0,2,0,0,0,5,0,0,0.13,0.13,0,0.13,0.4,0.4,1.6,2.1,0.03,0.11,0.14,0.03,0.14
Jacob Murphy,Newcastle United,engENG,"FW,DF",26,33,13,"1,473",16.4,1,2,1,0,0,4,0,0.06,0.12,0.18,0.06,0.18,2.9,2.9,2.1,5,0.18,0.13,0.31,0.18,0.31
Ciaran Clark,Newcastle United,ieIRL,DF,31,13,12,"1,014",11.3,0,1,0,0,0,2,1,0,0.09,0.09,0,0.09,0.8,0.8,0.3,1.1,0.07,0.03,0.1,0.07,0.1
Isaac Hayden,Newcastle United,engENG,"MF,DF",26,14,12,"1,002",11.1,1,0,1,0,0,5,0,0.09,0,0.09,0.09,0.09,0.4,0.4,0.1,0.5,0.04,0.01,0.05,0.04,0.05
Bruno Guimares,Newcastle United,brBRA,MF,23,17,11,"1,034",11.5,5,1,5,0,0,4,0,0.44,0.09,0.52,0.44,0.52,2.9,2.9,1.8,4.7,0.25,0.16,0.41,0.25,0.41
Karl Darlow,Newcastle United,engENG,GK,30,8,8,720,8,0,0,0,0,0,1,0,0,0,0,0,0,0,0,0,0,0,0,0,0,0
Federico Fernndez,Newcastle United,arARG,DF,32,7,5,523,5.8,0,0,0,0,0,0,0,0,0,0,0,0,0.4,0.4,0.3,0.8,0.07,0.06,0.13,0.07,0.13
Kieran Trippier,Newcastle United,engENG,DF,30,6,5,429,4.8,2,0,2,0,0,0,0,0.42,0,0.42,0.42,0.42,0.1,0.1,0.4,0.6,0.03,0.09,0.12,0.03,0.12
Freddie Woodman,Newcastle United,engENG,GK,24,4,4,360,4,0,0,0,0,0,0,0,0,0,0,0,0,0,0,0,0,0,0,0,0,0
Jamal Lewis,Newcastle United,nirNIR,DF,23,5,4,262,2.9,0,0,0,0,0,1,0,0,0,0,0,0,0,0,0,0,0,0.01,0.01,0,0.01
Paul Dummett,Newcastle United,wlsWAL,DF,29,3,2,198,2.2,0,0,0,0,0,2,0,0,0,0,0,0,0,0,0,0,0,0,0,0,0
Jeff Hendrick,Newcastle United,ieIRL,MF,29,3,0,72,0.8,1,0,1,0,0,0,0,1.25,0,1.25,1.25,1.25,0,0,0,0.1,0.04,0.06,0.1,0.04,0.1
Dwight Gayle,Newcastle United,engENG,FW,30,8,0,38,0.4,0,0,0,0,0,1,0,0,0,0,0,0,0.3,0.3,0.5,0.8,0.71,1.19,1.89,0.71,1.89
Elliot Anderson,Newcastle United,sctSCO,MF,18,0,0,,,,,,,,,,,,,,,,,,,,,,,
Lucas De Bolle,Newcastle United,engENG,MF,18,0,0,,,,,,,,,,,,,,,,,,,,,,,
Mark Gillespie,Newcastle United,engENG,GK,29,0,0,,,,,,,,,,,,,,,,,,,,,,,
Joe White,Newcastle United,engENG,MF,18,0,0,,,,,,,,,,,,,,,,,,,,,,,
Teemu Pukki,Norwich City,fiFIN,FW,31,37,37,"3,253",36.1,11,3,8,3,3,4,0,0.3,0.08,0.39,0.22,0.3,11.5,9.2,2.8,12,0.32,0.08,0.4,0.26,0.33
Grant Hanley,Norwich City,sctSCO,DF,29,33,33,"2,897",32.2,1,0,1,0,0,2,0,0.03,0,0.03,0.03,0.03,1.9,1.9,0.3,2.1,0.06,0.01,0.07,0.06,0.07
Max Aarons,Norwich City,engENG,DF,21,34,32,"2,881",32,0,2,0,0,0,8,0,0,0.06,0.06,0,0.06,0.7,0.7,1.4,2.1,0.02,0.04,0.07,0.02,0.07
Kenny McLean,Norwich City,sctSCO,MF,29,31,29,"2,706",30.1,1,0,1,0,0,3,0,0.03,0,0.03,0.03,0.03,1.9,1.9,0.7,2.6,0.06,0.02,0.09,0.06,0.09
Tim Krul,Norwich City,nlNED,GK,33,29,29,"2,610",29,0,0,0,0,0,1,0,0,0,0,0,0,0,0,0.4,0.4,0,0.01,0.01,0,0.01
Ben Gibson,Norwich City,engENG,DF,28,28,28,"2,494",27.7,0,0,0,0,0,5,1,0,0,0,0,0,1.2,1.2,0,1.2,0.04,0,0.04,0.04,0.04
Pierre Lees-Melou,Norwich City,frFRA,MF,28,33,27,"2,265",25.2,1,0,1,0,0,5,0,0.04,0,0.04,0.04,0.04,1.6,1.6,1.8,3.4,0.06,0.07,0.14,0.06,0.14
Milot Rashica,Norwich City,xkKVX,"FW,MF",25,31,25,"2,229",24.8,1,2,1,0,0,0,0,0.04,0.08,0.12,0.04,0.12,2.7,2.7,2.6,5.3,0.11,0.1,0.21,0.11,0.21
Brandon Williams,Norwich City,engENG,DF,20,26,23,"2,120",23.6,0,1,0,0,0,8,0,0,0.04,0.04,0,0.04,0.2,0.2,1.3,1.5,0.01,0.05,0.06,0.01,0.06
Billy Gilmour,Norwich City,sctSCO,MF,20,24,21,"1,855",20.6,0,1,0,0,0,2,0,0,0.05,0.05,0,0.05,1,1,2,3,0.05,0.1,0.14,0.05,0.14
Mathias Normann,Norwich City,noNOR,MF,25,23,20,"1,645",18.3,1,2,1,0,0,6,0,0.05,0.11,0.16,0.05,0.16,0.9,0.9,1.8,2.8,0.05,0.1,0.15,0.05,0.15
Josh Sargent,Norwich City,usUSA,"FW,MF",21,26,18,"1,572",17.5,2,1,2,0,0,1,0,0.11,0.06,0.17,0.11,0.17,2.7,2.7,0.7,3.5,0.16,0.04,0.2,0.16,0.2
Dimitris Giannoulis,Norwich City,grGRE,DF,25,18,14,"1,169",13,0,1,0,0,0,2,0,0,0.08,0.08,0,0.08,0.2,0.2,0.5,0.6,0.01,0.04,0.05,0.01,0.05
Sam Byram,Norwich City,engENG,DF,27,15,11,"1,027",11.4,0,0,0,0,0,3,0,0,0,0,0,0,0.9,0.9,0.2,1.1,0.08,0.02,0.1,0.08,0.1
Ozan Kabak,Norwich City,trTUR,DF,21,11,11,922,10.2,0,0,0,0,0,2,0,0,0,0,0,0,0.2,0.2,0,0.2,0.02,0,0.02,0.02,0.02
Kieran Dowell,Norwich City,engENG,"FW,MF",23,19,11,912,10.1,1,1,1,0,0,0,0,0.1,0.1,0.2,0.1,0.2,1.2,1.2,2,3.2,0.12,0.2,0.31,0.12,0.31
Angus Gunn,Norwich City,engENG,GK,25,9,9,810,9,0,0,0,0,0,0,0,0,0,0,0,0,0,0,0,0,0,0,0,0,0
Lukas Rupp,Norwich City,deGER,MF,30,19,7,769,8.5,0,0,0,0,0,0,0,0,0,0,0,0,0.7,0.7,1.2,1.9,0.08,0.14,0.22,0.08,0.22
Adam Idah,Norwich City,ieIRL,"FW,MF",20,17,6,625,6.9,1,1,1,0,0,0,0,0.14,0.14,0.29,0.14,0.29,2,2,0.6,2.6,0.28,0.09,0.37,0.28,0.37
Jakob Srensen,Norwich City,dkDEN,"MF,DF",23,10,6,604,6.7,0,0,0,0,0,0,0,0,0,0,0,0,0.4,0.4,0,0.4,0.06,0,0.06,0.06,0.06
Przemys?aw P?acheta,Norwich City,plPOL,"FW,MF",23,12,6,504,5.6,0,0,0,0,0,1,0,0,0,0,0,0,0.5,0.5,0.7,1.3,0.1,0.13,0.23,0.1,0.23
Todd Cantwell,Norwich City,engENG,"FW,MF",23,8,5,441,4.9,0,0,0,0,0,2,0,0,0,0,0,0,0.2,0.2,0.2,0.4,0.03,0.04,0.07,0.03,0.07
Andrew Omobamidele,Norwich City,ieIRL,DF,19,5,4,382,4.2,1,0,1,0,0,1,0,0.24,0,0.24,0.24,0.24,0.3,0.3,0,0.3,0.08,0,0.08,0.08,0.08
Christos Tzolis,Norwich City,grGRE,"FW,MF",19,14,3,336,3.7,0,0,0,0,0,0,0,0,0,0,0,0,0.5,0.5,1,1.4,0.13,0.26,0.38,0.13,0.38
Christoph Zimmermann,Norwich City,deGER,DF,28,3,2,157,1.7,0,0,0,0,0,0,0,0,0,0,0,0,0.1,0.1,0,0.1,0.04,0,0.04,0.04,0.04
Tony Springett,Norwich City,engENG,"FW,MF",18,3,1,141,1.6,0,0,0,0,0,1,0,0,0,0,0,0,0.3,0.3,0.4,0.6,0.17,0.22,0.4,0.17,0.4
Jon Rowe,Norwich City,engENG,"FW,MF",18,13,0,223,2.5,0,1,0,0,0,0,0,0,0.4,0.4,0,0.4,0.4,0.4,0.3,0.7,0.16,0.14,0.3,0.16,0.3
Bali Mumba,Norwich City,engENG,DF,19,1,0,45,0.5,0,0,0,0,0,0,0,0,0,0,0,0,0,0,0,0,0,0,0,0,0
Thomas Dickson-Peters,Norwich City,sctSCO,FW,18,0,0,,,,,,,,,,,,,,,,,,,,,,,
Liam Gibbs,Norwich City,engENG,MF,18,0,0,,,,,,,,,,,,,,,,,,,,,,,
Abu Kamara,Norwich City,engENG,DF,18,0,0,,,,,,,,,,,,,,,,,,,,,,,
Jon McCracken,Norwich City,sctSCO,GK,21,0,0,,,,,,,,,,,,,,,,,,,,,,,
Michael McGovern,Norwich City,nirNIR,GK,37,0,0,,,,,,,,,,,,,,,,,,,,,,,
Jonathan Tomkinson,Norwich City,usUSA,DF,19,0,0,,,,,,,,,,,,,,,,,,,,,,,
James Ward-Prowse,Southampton,engENG,MF,26,36,36,"3,215",35.7,10,5,6,4,4,3,1,0.28,0.14,0.42,0.17,0.31,5.4,2.3,6.2,8.5,0.15,0.17,0.32,0.07,0.24
Oriol Romeu,Southampton,esESP,MF,29,36,34,"2,889",32.1,2,2,2,0,0,9,0,0.06,0.06,0.12,0.06,0.12,1.3,1.3,2.8,4.1,0.04,0.09,0.13,0.04,0.13
Mohammed Salisu,Southampton,ghGHA,DF,22,34,33,"2,972",33,0,0,0,0,0,10,1,0,0,0,0,0,1.8,1.8,0.5,2.3,0.06,0.02,0.07,0.06,0.07
Jan Bednarek,Southampton,plPOL,DF,25,31,30,"2,629",29.2,4,0,4,0,0,10,0,0.14,0,0.14,0.14,0.14,2.4,2.4,0.6,3,0.08,0.02,0.1,0.08,0.1
Kyle Walker-Peters,Southampton,engENG,DF,24,32,29,"2,633",29.3,1,2,1,0,0,5,0,0.03,0.07,0.1,0.03,0.1,1,1,2.9,3.8,0.03,0.1,0.13,0.03,0.13
Valentino Livramento,Southampton,engENG,DF,18,28,25,"2,202",24.5,1,1,1,0,0,2,0,0.04,0.04,0.08,0.04,0.08,1.2,1.2,2.3,3.4,0.05,0.09,0.14,0.05,0.14
Mohamed Elyounoussi,Southampton,noNOR,"MF,FW",26,30,23,"2,042",22.7,4,2,4,0,0,4,0,0.18,0.09,0.26,0.18,0.26,6,6,2.5,8.5,0.26,0.11,0.37,0.26,0.37
Che Adams,Southampton,sctSCO,FW,25,30,23,"2,039",22.7,7,3,7,0,0,0,0,0.31,0.13,0.44,0.31,0.44,7.1,7.1,2.6,9.7,0.31,0.12,0.43,0.31,0.43
Armando Broja,Southampton,alALB,FW,19,32,21,"1,975",21.9,6,0,6,0,0,2,0,0.27,0,0.27,0.27,0.27,7,7,1.3,8.4,0.32,0.06,0.38,0.32,0.38
Nathan Redmond,Southampton,engENG,"MF,FW",27,27,20,"1,833",20.4,1,5,1,0,0,0,0,0.05,0.25,0.29,0.05,0.29,1.9,1.9,4.3,6.3,0.09,0.21,0.31,0.09,0.31
Fraser Forster,Southampton,engENG,GK,33,19,19,"1,710",19,0,0,0,0,0,1,0,0,0,0,0,0,0,0,0,0,0,0,0,0,0
Romain Perraud,Southampton,frFRA,DF,23,20,18,"1,623",18,0,1,0,0,0,3,0,0,0.06,0.06,0,0.06,0.9,0.9,0.6,1.5,0.05,0.03,0.08,0.05,0.08
Alex McCarthy,Southampton,engENG,GK,31,17,17,"1,530",17,0,0,0,0,0,1,0,0,0,0,0,0,0,0,0,0,0,0,0,0,0
Adam Armstrong,Southampton,engENG,FW,24,23,17,"1,413",15.7,2,2,2,0,0,1,0,0.13,0.13,0.25,0.13,0.25,4.3,4.3,1.7,6,0.27,0.11,0.38,0.27,0.38
Stuart Armstrong,Southampton,sctSCO,MF,29,25,15,"1,473",16.4,2,0,2,0,0,1,0,0.12,0,0.12,0.12,0.12,2.8,2.8,1.4,4.1,0.17,0.08,0.25,0.17,0.25
Ibrahima Diallo,Southampton,frFRA,MF,22,23,10,"1,023",11.4,0,2,0,0,0,1,0,0,0.18,0.18,0,0.18,0.5,0.5,1,1.4,0.04,0.09,0.13,0.04,0.13
Nathan Tella,Southampton,engENG,"MF,FW",22,14,10,804,8.9,0,1,0,0,0,2,0,0,0.11,0.11,0,0.11,0.5,0.5,0.7,1.3,0.06,0.08,0.14,0.06,0.14
Lyanco,Southampton,brBRA,DF,24,15,9,911,10.1,0,0,0,0,0,2,0,0,0,0,0,0,0.2,0.2,0.1,0.4,0.02,0.01,0.04,0.02,0.04
Jack Stephens,Southampton,engENG,DF,27,11,9,811,9,0,0,0,0,0,3,0,0,0,0,0,0,0,0,0.3,0.3,0,0.03,0.03,0,0.03
Moussa Djenepo,Southampton,mlMLI,MF,23,12,5,457,5.1,0,0,0,0,0,3,0,0,0,0,0,0,1.5,1.5,0.2,1.7,0.3,0.05,0.34,0.3,0.34
Theo Walcott,Southampton,engENG,"MF,FW",32,9,5,379,4.2,0,0,0,0,0,0,0,0,0,0,0,0,0.7,0.7,0,0.7,0.17,0.01,0.18,0.17,0.18
Yan Valery,Southampton,frFRA,DF,22,5,3,370,4.1,0,0,0,0,0,0,0,0,0,0,0,0,0,0,0.1,0.1,0.01,0.02,0.03,0.01,0.03
Shane Long,Southampton,ieIRL,FW,34,13,3,308,3.4,1,0,1,0,0,1,0,0.29,0,0.29,0.29,0.29,1,1,0.1,1.1,0.29,0.03,0.32,0.29,0.32
Willy Caballero,Southampton,arARG,GK,39,2,2,180,2,0,0,0,0,0,1,0,0,0,0,0,0,0,0,0,0,0,0,0,0,0
William Smallbone,Southampton,ieIRL,"MF,FW",21,4,2,133,1.5,0,0,0,0,0,0,0,0,0,0,0,0,0.1,0.1,0.1,0.2,0.05,0.06,0.12,0.05,0.12
Kgagelo Chauke,Southampton,engENG,MF,18,0,0,,,,,,,,,,,,,,,,,,,,,,,
Tyler Dibling,Southampton,,MF,,0,0,,,,,,,,,,,,,,,,,,,,,,,
Harry Lewis,Southampton,engENG,GK,23,0,0,,,,,,,,,,,,,,,,,,,,,,,
Dynel Simeu,Southampton,engENG,DF,19,0,0,,,,,,,,,,,,,,,,,,,,,,,
Thierry Small,Southampton,engENG,DF,16,0,0,,,,,,,,,,,,,,,,,,,,,,,
Hugo Lloris,Tottenham Hotspur,frFRA,GK,34,38,38,"3,420",38,0,0,0,0,0,2,0,0,0,0,0,0,0,0,0.5,0.5,0,0.01,0.01,0,0.01
Harry Kane,Tottenham Hotspur,engENG,FW,28,37,36,"3,232",35.9,17,9,13,4,4,5,0,0.47,0.25,0.72,0.36,0.61,20.1,17.1,9,26.1,0.56,0.25,0.81,0.48,0.73
Pierre Hjbjerg,Tottenham Hotspur,dkDEN,MF,25,36,36,"3,196",35.5,2,2,2,0,0,3,0,0.06,0.06,0.11,0.06,0.11,2,2,2.5,4.5,0.06,0.07,0.13,0.06,0.13
Eric Dier,Tottenham Hotspur,engENG,DF,27,35,35,"3,071",34.1,0,0,0,0,0,1,0,0,0,0,0,0,1,1,1.4,2.4,0.03,0.04,0.07,0.03,0.07
Son Heung-min,Tottenham Hotspur,krKOR,"FW,MF",29,35,35,"3,006",33.4,23,7,23,0,0,2,0,0.69,0.21,0.9,0.69,0.9,16.4,16.4,8.1,24.5,0.49,0.24,0.73,0.49,0.73
Ben Davies,Tottenham Hotspur,wlsWAL,DF,28,29,28,"2,538",28.2,1,1,1,0,0,6,0,0.04,0.04,0.07,0.04,0.07,1.8,1.8,0.6,2.3,0.06,0.02,0.08,0.06,0.08
Emerson,Tottenham Hotspur,brBRA,DF,22,31,26,"2,286",25.4,1,1,1,0,0,5,0,0.04,0.04,0.08,0.04,0.08,1.5,1.5,2.1,3.6,0.06,0.08,0.14,0.06,0.14
Sergio Reguiln,Tottenham Hotspur,esESP,DF,24,25,22,"1,916",21.3,2,3,2,0,0,4,0,0.09,0.14,0.23,0.09,0.23,3,3,4,7,0.14,0.19,0.33,0.14,0.33
Cristian Romero,Tottenham Hotspur,arARG,DF,23,22,21,"1,844",20.5,1,0,1,0,0,8,0,0.05,0,0.05,0.05,0.05,0.7,0.7,0.5,1.1,0.03,0.02,0.05,0.03,0.05
Lucas Moura,Tottenham Hotspur,brBRA,"FW,MF",28,34,19,"1,775",19.7,2,6,2,0,0,4,0,0.1,0.3,0.41,0.1,0.41,3.7,3.7,4.4,8.1,0.19,0.23,0.41,0.19,0.41
Davinson Snchez,Tottenham Hotspur,coCOL,DF,25,23,17,"1,631",18.1,2,0,2,0,0,4,0,0.11,0,0.11,0.11,0.11,2.1,2.1,0.4,2.5,0.11,0.02,0.14,0.11,0.14
Rodrigo Bentancur,Tottenham Hotspur,uyURU,MF,24,17,16,"1,361",15.1,0,4,0,0,0,5,0,0,0.26,0.26,0,0.26,0.9,0.9,2.3,3.2,0.06,0.15,0.21,0.06,0.21
Oliver Skipp,Tottenham Hotspur,engENG,MF,20,18,14,"1,350",15,0,0,0,0,0,6,0,0,0,0,0,0,0.2,0.2,0.9,1.1,0.01,0.06,0.07,0.01,0.07
Dejan Kulusevski,Tottenham Hotspur,seSWE,"MF,FW",21,18,14,"1,261",14,5,8,5,0,0,3,0,0.36,0.57,0.93,0.36,0.93,3.4,3.4,3.5,6.9,0.24,0.25,0.5,0.24,0.5
Ryan Sessegnon,Tottenham Hotspur,engENG,DF,21,15,13,"1,047",11.6,0,2,0,0,0,2,0,0,0.17,0.17,0,0.17,0.4,0.4,2.9,3.3,0.03,0.25,0.28,0.03,0.28
Japhet Tanganga,Tottenham Hotspur,engENG,DF,22,11,10,735,8.2,0,0,0,0,0,4,1,0,0,0,0,0,0.4,0.4,0.4,0.7,0.05,0.05,0.09,0.05,0.09
Harry Winks,Tottenham Hotspur,engENG,MF,25,19,9,912,10.1,0,1,0,0,0,2,0,0,0.1,0.1,0,0.1,0.1,0.1,1.5,1.6,0.01,0.15,0.16,0.01,0.16
Matt Doherty,Tottenham Hotspur,ieIRL,DF,29,15,9,875,9.7,2,4,2,0,0,0,0,0.21,0.41,0.62,0.21,0.62,2.5,2.5,1.8,4.3,0.26,0.18,0.44,0.26,0.44
Dele Alli,Tottenham Hotspur,engENG,"MF,FW",25,10,8,657,7.3,1,0,0,1,1,1,0,0.14,0,0.14,0,0,1.5,0.7,0.8,1.5,0.2,0.11,0.31,0.1,0.21
Tanguy Ndombele,Tottenham Hotspur,frFRA,MF,24,9,6,484,5.4,1,1,1,0,0,1,0,0.19,0.19,0.37,0.19,0.37,0.5,0.5,0.4,0.9,0.09,0.07,0.16,0.09,0.16
Steven Bergwijn,Tottenham Hotspur,nlNED,"FW,MF",23,25,4,565,6.3,3,1,3,0,0,1,0,0.48,0.16,0.64,0.48,0.64,3.1,3.1,0.7,3.7,0.49,0.11,0.59,0.49,0.59
Giovani Lo Celso,Tottenham Hotspur,arARG,"MF,FW",25,9,2,238,2.6,0,0,0,0,0,0,0,0,0,0,0,0,0.7,0.7,0.6,1.4,0.28,0.24,0.52,0.28,0.52
Bryan,Tottenham Hotspur,esESP,"FW,MF",20,9,0,94,1,0,0,0,0,0,0,0,0,0,0,0,0,0,0,0.1,0.1,0.03,0.07,0.1,0.03,0.1
Joe Rodon,Tottenham Hotspur,wlsWAL,DF,23,3,0,89,1,0,0,0,0,0,0,0,0,0,0,0,0,0,0,0,0,0,0,0,0,0
Dane Scarlett,Tottenham Hotspur,engENG,MF,17,1,0,4,0,0,0,0,0,0,0,0,0,0,0,0,0,0,0,0,0,0,0,0,0,0
Brandon Austin,Tottenham Hotspur,engENG,GK,22,0,0,,,,,,,,,,,,,,,,,,,,,,,
Jamie Bowden,Tottenham Hotspur,ieIRL,MF,20,0,0,,,,,,,,,,,,,,,,,,,,,,,
Matthew Craig,Tottenham Hotspur,sctSCO,MF,18,0,0,,,,,,,,,,,,,,,,,,,,,,,
Alfie Devine,Tottenham Hotspur,engENG,MF,16,0,0,,,,,,,,,,,,,,,,,,,,,,,
Pierluigi Gollini,Tottenham Hotspur,itITA,GK,26,0,0,,,,,,,,,,,,,,,,,,,,,,,
Marcel Lavinier,Tottenham Hotspur,engENG,DF,20,0,0,,,,,,,,,,,,,,,,,,,,,,,
Dilan Markanday,Tottenham Hotspur,engENG,"FW,MF",19,0,0,,,,,,,,,,,,,,,,,,,,,,,
Tobi Omole,Tottenham Hotspur,engENG,DF,21,0,0,,,,,,,,,,,,,,,,,,,,,,,
Moussa Sissoko,Tottenham Hotspur,frFRA,MF,31,0,0,,,,,,,,,,,,,,,,,,,,,,,
Harvey White,Tottenham Hotspur,engENG,MF,19,0,0,,,,,,,,,,,,,,,,,,,,,,,
Moussa Sissoko,Watford,frFRA,MF,31,36,36,"3,220",35.8,2,1,2,0,0,5,0,0.06,0.03,0.08,0.06,0.08,3.4,3.4,2.8,6.2,0.1,0.08,0.17,0.1,0.17
Emmanuel Dennis,Watford,ngNGA,"FW,MF",23,33,30,"2,581",28.7,10,6,10,0,0,9,1,0.35,0.21,0.56,0.35,0.56,7.5,7.5,3.2,10.7,0.26,0.11,0.37,0.26,0.37
Craig Cathcart,Watford,nirNIR,DF,32,31,27,"2,396",26.6,0,1,0,0,0,3,0,0,0.04,0.04,0,0.04,0.1,0.1,0.3,0.5,0,0.01,0.02,0,0.02
Joshua King,Watford,noNOR,FW,29,32,27,"2,248",25,5,3,4,1,1,5,0,0.2,0.12,0.32,0.16,0.28,8,7.2,3.2,10.4,0.32,0.13,0.45,0.29,0.42
Ben Foster,Watford,engENG,GK,38,26,26,"2,340",26,0,1,0,0,0,0,0,0,0.04,0.04,0,0.04,0,0,0.2,0.2,0,0.01,0.01,0,0.01
Kiko Femena,Watford,esESP,DF,30,27,26,"2,142",23.8,0,5,0,0,0,2,0,0,0.21,0.21,0,0.21,0.1,0.1,3.2,3.3,0,0.14,0.14,0,0.14
Juraj Kucka,Watford,skSVK,MF,34,26,22,"1,920",21.3,1,1,1,0,0,5,1,0.05,0.05,0.09,0.05,0.09,3.1,3.1,0.9,4.1,0.15,0.04,0.19,0.15,0.19
Ismaila Sarr,Watford,snSEN,"FW,MF",23,22,21,"1,861",20.7,5,2,5,0,1,2,0,0.24,0.1,0.34,0.24,0.34,4.2,3.5,2.5,6,0.2,0.12,0.33,0.17,0.29
Tom Cleverley,Watford,engENG,MF,31,28,20,"1,616",18,0,2,0,0,0,2,0,0,0.11,0.11,0,0.11,0.8,0.8,2,2.9,0.05,0.11,0.16,0.05,0.16
Samir Santos,Watford,brBRA,DF,26,19,19,"1,673",18.6,0,0,0,0,0,4,0,0,0,0,0,0,0.3,0.3,0.1,0.5,0.02,0.01,0.02,0.02,0.02
Hassane Kamara,Watford,ciCIV,DF,27,19,18,"1,623",18,1,0,1,0,0,5,1,0.06,0,0.06,0.06,0.06,0.2,0.2,0.4,0.6,0.01,0.02,0.03,0.01,0.03
Imran Louza,Watford,maMAR,MF,22,20,17,"1,416",15.7,0,0,0,0,0,6,0,0,0,0,0,0,1.1,1.1,1,2.1,0.07,0.07,0.14,0.07,0.14
Joo Pedro,Watford,brBRA,"FW,MF",19,28,15,"1,644",18.3,3,1,3,0,0,1,0,0.16,0.05,0.22,0.16,0.22,4.2,4.2,2.6,6.8,0.23,0.14,0.37,0.23,0.37
William Troost-Ekong,Watford,ngNGA,DF,27,17,15,"1,390",15.4,0,0,0,0,0,3,0,0,0,0,0,0,0.1,0.1,0.1,0.2,0.01,0.01,0.01,0.01,0.01
Adam Masina,Watford,maMAR,DF,27,15,13,"1,077",12,0,1,0,0,0,0,0,0,0.08,0.08,0,0.08,0.4,0.4,0.7,1.1,0.03,0.06,0.09,0.03,0.09
Christian Kabasele,Watford,beBEL,DF,30,16,12,"1,193",13.3,0,0,0,0,0,0,0,0,0,0,0,0,0.7,0.7,0,0.8,0.05,0,0.06,0.05,0.06
Daniel Bachmann,Watford,atAUT,GK,27,12,12,"1,080",12,0,0,0,0,0,0,0,0,0,0,0,0,0,0,0,0,0,0,0,0,0
Cucho,Watford,coCOL,"FW,MF",22,25,11,"1,147",12.7,5,2,5,0,0,3,0,0.39,0.16,0.55,0.39,0.55,2.5,2.5,1.9,4.4,0.2,0.15,0.35,0.2,0.35
Jeremy Ngakia,Watford,engENG,DF,20,16,9,903,10,0,0,0,0,0,0,0,0,0,0,0,0,0.1,0.1,0.5,0.6,0.01,0.05,0.06,0.01,0.06
Edo Kayembe,Watford,cdCOD,MF,22,13,9,799,8.9,0,0,0,0,0,0,0,0,0,0,0,0,0.2,0.2,0.3,0.5,0.02,0.03,0.06,0.02,0.06
Ken Sema,Watford,seSWE,"MF,FW",27,18,7,852,9.5,0,0,0,0,0,1,0,0,0,0,0,0,0.2,0.2,1.2,1.4,0.02,0.13,0.14,0.02,0.14
Danny Rose,Watford,engENG,DF,31,8,7,689,7.7,0,0,0,0,0,4,0,0,0,0,0,0,0.2,0.2,0.8,0.9,0.02,0.1,0.12,0.02,0.12
Francisco Sierralta,Watford,clCHI,DF,24,5,5,427,4.7,0,0,0,0,0,0,0,0,0,0,0,0,0,0,0,0,0.01,0,0.01,0.01,0.01
Oghenekaro Etebo,Watford,ngNGA,MF,25,9,4,401,4.5,0,0,0,0,0,3,0,0,0,0,0,0,0,0,0.1,0.1,0.01,0.01,0.02,0.01,0.02
Ozan Tufan,Watford,trTUR,MF,26,7,4,334,3.7,0,0,0,0,0,0,0,0,0,0,0,0,0.5,0.5,0.2,0.8,0.14,0.07,0.2,0.14,0.2
Samuel Kalu,Watford,ngNGA,FW,23,4,2,222,2.5,0,0,0,0,0,0,0,0,0,0,0,0,0.3,0.3,0.2,0.4,0.12,0.06,0.18,0.12,0.18
Nicolas Nkoulou,Watford,cmCMR,DF,31,3,2,168,1.9,0,0,0,0,0,0,0,0,0,0,0,0,0,0,0,0,0,0.01,0.01,0,0.01
Dan Gosling,Watford,engENG,MF,31,4,2,166,1.8,1,0,1,0,0,0,0,0.54,0,0.54,0.54,0.54,0.2,0.2,0,0.2,0.1,0.01,0.11,0.1,0.11
Ashley Fletcher,Watford,engENG,FW,25,3,0,30,0.3,0,0,0,0,0,0,0,0,0,0,0,0,0.4,0.4,0,0.4,1.16,0,1.16,1.16,1.16
Troy Deeney,Watford,engENG,FW,33,2,0,25,0.3,0,0,0,0,0,0,0,0,0,0,0,0,0.4,0.4,0.1,0.5,1.45,0.32,1.77,1.45,1.77
Vincent Angelini,Watford,sctSCO,GK,17,0,0,,,,,,,,,,,,,,,,,,,,,,,
Kwadwo Baah,Watford,engENG,FW,18,0,0,,,,,,,,,,,,,,,,,,,,,,,
Adrian Blake,Watford,engENG,FW,16,0,0,,,,,,,,,,,,,,,,,,,,,,,
Kamil Conteh,Watford,slSLE,MF,18,0,0,,,,,,,,,,,,,,,,,,,,,,,
Tiago ukur,Watford,trTUR,FW,18,0,0,,,,,,,,,,,,,,,,,,,,,,,
Rob Elliot,Watford,ieIRL,GK,35,0,0,,,,,,,,,,,,,,,,,,,,,,,
Shaqai Forde,Watford,engENG,FW,17,0,0,,,,,,,,,,,,,,,,,,,,,,,
Jack Grieves,Watford,engENG,FW,16,0,0,,,,,,,,,,,,,,,,,,,,,,,
James Morris,Watford,engENG,DF,19,0,0,,,,,,,,,,,,,,,,,,,,,,,
?ukasz Fabia?ski,West Ham United,plPOL,GK,36,37,37,"3,330",37,0,0,0,0,0,2,0,0,0,0,0,0,0,0,0,0,0,0,0,0,0
Declan Rice,West Ham United,engENG,MF,22,36,35,"3,179",35.3,1,4,1,0,0,8,0,0.03,0.11,0.14,0.03,0.14,1.1,1.1,2,3,0.03,0.06,0.09,0.03,0.09
Tom Sou?ek,West Ham United,czCZE,MF,26,35,34,"3,062",34,5,1,5,0,0,3,0,0.15,0.03,0.18,0.15,0.18,4.8,4.4,1.5,5.9,0.14,0.05,0.19,0.13,0.17
Jarrod Bowen,West Ham United,engENG,FW,24,36,34,"2,983",33.1,12,10,12,0,0,6,0,0.36,0.3,0.66,0.36,0.66,11.1,11.1,5.7,16.8,0.34,0.17,0.51,0.34,0.51
Michail Antonio,West Ham United,jmJAM,FW,31,36,34,"2,971",33,10,8,10,0,1,8,1,0.3,0.24,0.55,0.3,0.55,11.1,10.8,6.6,17.5,0.34,0.2,0.54,0.33,0.53
Pablo Fornals,West Ham United,esESP,"FW,MF",25,36,32,"2,795",31.1,6,3,6,0,0,4,0,0.19,0.1,0.29,0.19,0.29,5,5,5.6,10.6,0.16,0.18,0.34,0.16,0.34
Aaron Cresswell,West Ham United,engENG,DF,31,31,31,"2,726",30.3,2,3,2,0,0,3,0,0.07,0.1,0.17,0.07,0.17,1.1,1.1,3.2,4.3,0.04,0.11,0.14,0.04,0.14
Craig Dawson,West Ham United,engENG,DF,31,34,30,"2,754",30.6,2,2,2,0,0,5,1,0.07,0.07,0.13,0.07,0.13,2.9,2.9,0.5,3.3,0.09,0.01,0.11,0.09,0.11
Sad Benrahma,West Ham United,dzALG,"FW,MF",25,32,26,"2,168",24.1,8,6,8,0,0,0,0,0.33,0.25,0.58,0.33,0.58,5.1,5.1,3.2,8.3,0.21,0.13,0.35,0.21,0.35
Vladimr Coufal,West Ham United,czCZE,DF,28,28,25,"2,209",24.5,0,4,0,0,0,5,1,0,0.16,0.16,0,0.16,0.6,0.6,2.4,3,0.02,0.1,0.12,0.02,0.12
Kurt Zouma,West Ham United,frFRA,DF,26,24,24,"2,078",23.1,1,0,1,0,0,1,0,0.04,0,0.04,0.04,0.04,0.9,0.9,0,0.9,0.04,0,0.04,0.04,0.04
Manuel Lanzini,West Ham United,arARG,"MF,FW",28,30,19,"1,786",19.8,5,3,2,3,3,2,0,0.25,0.15,0.4,0.1,0.25,3.4,1.1,2.2,3.3,0.17,0.11,0.28,0.06,0.17
Ben Johnson,West Ham United,engENG,DF,21,20,16,"1,397",15.5,1,0,1,0,0,1,0,0.06,0,0.06,0.06,0.06,0.1,0.1,0.8,0.9,0.01,0.05,0.06,0.01,0.06
Angelo Ogbonna,West Ham United,itITA,DF,33,11,11,921,10.2,1,0,1,0,0,1,0,0.1,0,0.1,0.1,0.1,0.3,0.3,0,0.3,0.03,0,0.03,0.03,0.03
Issa Diop,West Ham United,frFRA,DF,24,13,10,963,10.7,0,1,0,0,0,0,0,0,0.09,0.09,0,0.09,0.1,0.1,0.1,0.3,0.01,0.01,0.02,0.01,0.02
Arthur Masuaku,West Ham United,cdCOD,"DF,FW",27,13,6,650,7.2,1,1,1,0,0,1,0,0.14,0.14,0.28,0.14,0.28,0.1,0.1,0.9,1,0.01,0.12,0.14,0.01,0.14
Nikola Vlai?,West Ham United,hrCRO,"FW,MF",23,19,6,560,6.2,1,0,1,0,0,0,0,0.16,0,0.16,0.16,0.16,1,1,0.4,1.4,0.16,0.07,0.23,0.16,0.23
Mark Noble,West Ham United,engENG,MF,34,11,3,332,3.7,1,0,0,1,2,0,0,0.27,0,0.27,0,0,1.5,0,0.2,0.2,0.41,0.06,0.47,0,0.06
Ryan Fredericks,West Ham United,engENG,DF,28,7,3,307,3.4,0,0,0,0,0,1,0,0,0,0,0,0,0,0,0.1,0.1,0,0.03,0.03,0,0.03
Andriy Yarmolenko,West Ham United,uaUKR,FW,31,19,1,316,3.5,1,0,1,0,0,1,0,0.28,0,0.28,0.28,0.28,0.8,0.8,0.2,1,0.24,0.05,0.29,0.24,0.29
Alphonse Areola,West Ham United,frFRA,GK,28,1,1,90,1,0,0,0,0,0,0,0,0,0,0,0,0,0,0,0,0,0,0,0,0,0
Harrison Ashby,West Ham United,sctSCO,DF,19,1,0,7,0.1,0,0,0,0,0,0,0,0,0,0,0,0,0,0,0,0,0,0,0,0,0
Sonny Perkins,West Ham United,engENG,FW,17,1,0,4,0,0,0,0,0,0,0,0,0,0,0,0,0,0,0,0,0,0,0,0,0,0
Daniel Chesters,West Ham United,engENG,MF,19,1,0,1,0,0,0,0,0,0,0,0,0,0,0,0,0,0,0,0,0,0,0,0,0,0
Alex Krl,West Ham United,czCZE,MF,23,1,0,1,0,0,0,0,0,0,0,0,0,0,0,0,0,0,0,0,0,0,0,0,0,0
Ajibola Alese,West Ham United,engENG,DF,21,0,0,,,,,,,,,,,,,,,,,,,,,,,
Jamal Baptiste,West Ham United,engENG,DF,17,0,0,,,,,,,,,,,,,,,,,,,,,,,
Conor Coventry,West Ham United,ieIRL,MF,21,0,0,,,,,,,,,,,,,,,,,,,,,,,
Pierre Ekwah Elimby,West Ham United,frFRA,MF,19,0,0,,,,,,,,,,,,,,,,,,,,,,,
Armstrong Okoflex,West Ham United,ieIRL,MF,19,0,0,,,,,,,,,,,,,,,,,,,,,,,
Darren Randolph,West Ham United,ieIRL,GK,34,0,0,,,,,,,,,,,,,,,,,,,,,,,
Conor Coady,Wolverhampton Wanderers,engENG,DF,28,38,38,"3,361",37.3,4,0,4,0,0,4,0,0.11,0,0.11,0.11,0.11,2,2,0,2,0.05,0,0.05,0.05,0.05
Jos S,Wolverhampton Wanderers,ptPOR,GK,28,37,37,"3,285",36.5,0,1,0,0,0,3,0,0,0.03,0.03,0,0.03,0,0,1,1,0,0.03,0.03,0,0.03
Joo Moutinho,Wolverhampton Wanderers,ptPOR,MF,34,35,34,"2,970",33,2,1,2,0,0,4,0,0.06,0.03,0.09,0.06,0.09,1,1,2.4,3.5,0.03,0.07,0.11,0.03,0.11
Romain Sass,Wolverhampton Wanderers,maMAR,DF,31,31,31,"2,705",30.1,2,0,2,0,0,6,0,0.07,0,0.07,0.07,0.07,2.7,2.7,0.4,3.1,0.09,0.01,0.1,0.09,0.1
Rben Neves,Wolverhampton Wanderers,ptPOR,MF,24,33,31,"2,661",29.6,4,2,4,0,0,9,0,0.14,0.07,0.2,0.14,0.2,1.2,1.2,2.2,3.4,0.04,0.07,0.12,0.04,0.12
Max Kilman,Wolverhampton Wanderers,engENG,DF,24,30,30,"2,687",29.9,1,0,1,0,0,3,0,0.03,0,0.03,0.03,0.03,1,1,0,1,0.03,0,0.03,0.03,0.03
Ral Jimnez,Wolverhampton Wanderers,mxMEX,FW,30,34,30,"2,631",29.2,6,4,5,1,1,9,2,0.21,0.14,0.34,0.17,0.31,6.6,6.1,2.7,8.7,0.23,0.09,0.32,0.21,0.3
Nlson Semedo,Wolverhampton Wanderers,ptPOR,DF,27,25,25,"2,131",23.7,0,1,0,0,0,1,0,0,0.04,0.04,0,0.04,1.4,1.4,1.2,2.6,0.06,0.05,0.11,0.06,0.11
Leander Dendoncker,Wolverhampton Wanderers,beBEL,MF,26,30,21,"1,950",21.7,2,2,2,0,0,4,0,0.09,0.09,0.18,0.09,0.18,2.6,2.6,0.9,3.5,0.12,0.04,0.16,0.12,0.16
Rayan At Nouri,Wolverhampton Wanderers,frFRA,DF,20,23,20,"1,828",20.3,1,2,1,0,0,4,0,0.05,0.1,0.15,0.05,0.15,0.7,0.7,1.3,2.1,0.04,0.07,0.1,0.04,0.1
Hwang Hee-chan,Wolverhampton Wanderers,krKOR,"FW,MF",25,30,20,"1,816",20.2,5,1,5,0,0,2,0,0.25,0.05,0.3,0.25,0.3,4,4,1.7,5.7,0.2,0.08,0.28,0.2,0.28
Fernando Maral,Wolverhampton Wanderers,brBRA,DF,32,18,17,"1,449",16.1,0,0,0,0,0,3,0,0,0,0,0,0,0.5,0.5,0.7,1.2,0.03,0.04,0.08,0.03,0.08
Francisco Trinco,Wolverhampton Wanderers,ptPOR,"FW,MF",21,28,16,"1,336",14.8,2,1,2,0,0,0,0,0.13,0.07,0.2,0.13,0.2,3.4,3.4,1.2,4.6,0.23,0.08,0.31,0.23,0.31
Daniel Podence,Wolverhampton Wanderers,ptPOR,"FW,MF",25,26,15,"1,484",16.5,2,3,2,0,0,2,0,0.12,0.18,0.3,0.12,0.3,1.9,1.9,3.8,5.8,0.12,0.23,0.35,0.12,0.35
Adama Traor,Wolverhampton Wanderers,esESP,FW,25,20,10,"1,067",11.9,1,0,1,0,0,0,0,0.08,0,0.08,0.08,0.08,2.4,2.4,1.7,4.1,0.2,0.15,0.35,0.2,0.35
Jonny Castro,Wolverhampton Wanderers,esESP,DF,27,13,10,"1,024",11.4,2,0,2,0,0,1,0,0.18,0,0.18,0.18,0.18,0.8,0.8,1.2,2,0.07,0.1,0.17,0.07,0.17
Willy Boly,Wolverhampton Wanderers,ciCIV,DF,30,10,10,900,10,0,0,0,0,0,1,0,0,0,0,0,0,0.2,0.2,0.1,0.3,0.02,0.01,0.03,0.02,0.03
Fbio Silva,Wolverhampton Wanderers,ptPOR,FW,19,22,6,572,6.4,0,0,0,0,0,0,0,0,0,0,0,0,2.3,2.3,0.2,2.4,0.36,0.02,0.38,0.36,0.38
Pedro Neto,Wolverhampton Wanderers,ptPOR,"FW,MF",21,13,5,466,5.2,1,1,1,0,0,3,0,0.19,0.19,0.39,0.19,0.39,1.5,1.5,1.1,2.6,0.29,0.22,0.51,0.29,0.51
Toti Gomes,Wolverhampton Wanderers,ptPOR,DF,22,4,4,360,4,0,0,0,0,0,1,0,0,0,0,0,0,0.1,0.1,0,0.1,0.01,0,0.01,0.01,0.01
Ki-Jana Hoever,Wolverhampton Wanderers,nlNED,DF,19,8,4,308,3.4,0,0,0,0,0,1,0,0,0,0,0,0,0,0,0,0.1,0.01,0.01,0.02,0.01,0.02
Luke Cundle,Wolverhampton Wanderers,engENG,MF,19,4,2,180,2,0,0,0,0,0,0,0,0,0,0,0,0,0,0,0.2,0.2,0,0.12,0.12,0,0.12
Chiquinho,Wolverhampton Wanderers,ptPOR,"DF,MF",21,8,1,208,2.3,0,3,0,0,0,0,0,0,1.3,1.3,0,1.3,0.3,0.3,0.6,0.9,0.13,0.27,0.41,0.13,0.41
John Ruddy,Wolverhampton Wanderers,engENG,GK,34,2,1,135,1.5,0,0,0,0,0,0,0,0,0,0,0,0,0,0,0,0,0,0,0,0,0
Chem Campbell,Wolverhampton Wanderers,wlsWAL,MF,18,1,0,13,0.1,0,0,0,0,0,0,0,0,0,0,0,0,0,0,0,0,0,0,0,0,0
Morgan Gibbs-White,Wolverhampton Wanderers,engENG,"FW,MF",21,2,0,9,0.1,0,0,0,0,0,1,0,0,0,0,0,0,0.1,0.1,0,0.1,1.22,0,1.22,1.22,1.22
Hugo Bueno,Wolverhampton Wanderers,esESP,DF,18,0,0,,,,,,,,,,,,,,,,,,,,,,,
Ryan John Giles,Wolverhampton Wanderers,engENG,MF,21,0,0,,,,,,,,,,,,,,,,,,,,,,,
Bruno Jordo,Wolverhampton Wanderers,ptPOR,MF,22,0,0,,,,,,,,,,,,,,,,,,,,,,,
Christian Marques,Wolverhampton Wanderers,chSUI,DF,18,0,0,,,,,,,,,,,,,,,,,,,,,,,
Yerson Mosquera,Wolverhampton Wanderers,coCOL,DF,20,0,0,,,,,,,,,,,,,,,,,,,,,,,
Louie Moulden,Wolverhampton Wanderers,engENG,GK,19,0,0,,,,,,,,,,,,,,,,,,,,,,,
Dion Sanderson,Wolverhampton Wanderers,engENG,DF,21,0,0,,,,,,,,,,,,,,,,,,,,,,,
James Storer,Wolverhampton Wanderers,,GK,,0,0,,,,,,,,,,,,,,,,,,,,,,,
